h3_index,hour,demand,lag_1,predicted_demand
883cf28905fffff,5,1,1.0,1.8333699196700737
883cf28905fffff,13,1,1.0,1.6011936831996763
883cf2890dfffff,17,1,1.0,1.5588887133550895
883cf28921fffff,5,1,1.0,1.8333699196700737
883cf28921fffff,7,1,1.0,1.5820163008936619
883cf28921fffff,13,2,1.0,1.6011936831996763
883cf28921fffff,14,1,2.0,2.5026994130701614
883cf28921fffff,17,1,1.0,1.5588887133550895
883cf28921fffff,18,1,1.0,1.7360804898026472
883cf28921fffff,21,1,1.0,1.786375408336386
883cf28921fffff,22,1,1.0,1.6392652193104187
883cf28921fffff,23,2,1.0,1.6904641836616734
883cf28923fffff,2,2,1.0,2.0542198499133915
883cf28923fffff,9,1,2.0,1.9829284584696945
883cf28923fffff,12,1,1.0,1.8874760274177234
883cf28923fffff,13,1,1.0,1.6011936831996763
883cf28923fffff,21,1,1.0,1.786375408336386
883cf28925fffff,4,1,1.0,1.8921783467513174
883cf28925fffff,5,1,1.0,1.8333699196700737
883cf28925fffff,6,1,1.0,1.8159445080693075
883cf28925fffff,7,1,1.0,1.5820163008936619
883cf28925fffff,10,1,1.0,1.620282373002724
883cf28925fffff,11,4,1.0,1.8432641783426655
883cf28925fffff,12,1,4.0,3.7900188239088886
883cf28925fffff,16,2,1.0,1.4481188156959135
883cf28925fffff,17,1,2.0,2.102539135797746
883cf28925fffff,18,1,1.0,1.7360804898026472
883cf28925fffff,19,1,1.0,1.7264651787415692
883cf28925fffff,20,1,1.0,1.6904704235561494
883cf28925fffff,21,1,1.0,1.786375408336386
883cf28927fffff,10,1,1.0,1.620282373002724
883cf28927fffff,12,1,1.0,1.8874760274177234
883cf28927fffff,17,1,1.0,1.5588887133550895
883cf28927fffff,18,1,1.0,1.7360804898026472
883cf28927fffff,19,1,1.0,1.7264651787415692
883cf28929fffff,10,1,1.0,1.620282373002724
883cf28929fffff,12,1,1.0,1.8874760274177234
883cf28929fffff,14,1,1.0,1.3230644458245828
883cf28929fffff,15,1,1.0,1.814417963845606
883cf28929fffff,18,1,1.0,1.7360804898026472
883cf28929fffff,21,1,1.0,1.786375408336386
883cf28929fffff,23,3,1.0,1.6904641836616734
883cf2892bfffff,6,1,1.0,1.8159445080693075
883cf2892dfffff,2,1,1.0,2.0542198499133915
883cf2892dfffff,3,1,1.0,2.1189142862763415
883cf2892dfffff,4,1,1.0,1.8921783467513174
883cf2892dfffff,5,1,1.0,1.8333699196700737
883cf2892dfffff,7,2,1.0,1.5820163008936619
883cf2892dfffff,8,1,2.0,1.7195193050681588
883cf2892dfffff,9,2,1.0,2.05258871986251
883cf2892dfffff,10,1,2.0,2.301854345779299
883cf2892dfffff,12,2,1.0,1.8874760274177234
883cf2892dfffff,15,2,2.0,2.363969144396636
883cf2892dfffff,17,1,2.0,2.102539135797746
883cf2892dfffff,20,2,1.0,1.6904704235561494
883cf2892dfffff,22,2,2.0,2.696833773006008
883cf2892dfffff,23,1,2.0,2.8099842398801376
883cf28961fffff,3,1,1.0,2.1189142862763415
883cf28961fffff,5,1,1.0,1.8333699196700737
883cf28961fffff,8,1,1.0,1.5867511892580282
883cf28961fffff,10,1,1.0,1.620282373002724
883cf28961fffff,11,1,1.0,1.8432641783426655
883cf28961fffff,16,1,1.0,1.4481188156959135
883cf28961fffff,18,1,1.0,1.7360804898026472
883cf28961fffff,19,1,1.0,1.7264651787415692
883cf28961fffff,21,2,1.0,1.786375408336386
883cf28963fffff,4,2,1.0,1.8921783467513174
883cf28963fffff,6,1,2.0,1.8390137418519552
883cf28963fffff,7,1,1.0,1.5820163008936619
883cf28963fffff,9,1,1.0,2.05258871986251
883cf28963fffff,12,1,1.0,1.8874760274177234
883cf28963fffff,18,1,1.0,1.7360804898026472
883cf28965fffff,1,1,1.0,2.016343321639584
883cf28965fffff,2,2,1.0,2.0542198499133915
883cf28965fffff,3,2,2.0,2.3321357362291413
883cf28965fffff,4,2,2.0,1.8395001227274532
883cf28965fffff,6,2,2.0,1.8390137418519552
883cf28965fffff,7,1,2.0,1.978624782051246
883cf28965fffff,8,1,1.0,1.5867511892580282
883cf28965fffff,9,2,1.0,2.05258871986251
883cf28965fffff,11,2,2.0,1.7768378576427262
883cf28965fffff,12,2,2.0,1.9754841942181303
883cf28965fffff,14,2,2.0,2.5026994130701614
883cf28965fffff,15,1,2.0,2.363969144396636
883cf28965fffff,16,1,1.0,1.4481188156959135
883cf28965fffff,17,1,1.0,1.5588887133550895
883cf28965fffff,18,1,1.0,1.7360804898026472
883cf28965fffff,19,1,1.0,1.7264651787415692
883cf28965fffff,20,5,1.0,1.6904704235561494
883cf28965fffff,21,1,5.0,4.524123148850412
883cf28965fffff,23,1,1.0,1.6904641836616734
883cf28967fffff,4,1,1.0,1.8921783467513174
883cf28967fffff,7,1,1.0,1.5820163008936619
883cf28967fffff,9,1,1.0,2.05258871986251
883cf28967fffff,11,2,1.0,1.8432641783426655
883cf28967fffff,13,1,2.0,2.88013231257894
883cf28967fffff,14,1,1.0,1.3230644458245828
883cf28967fffff,18,1,1.0,1.7360804898026472
883cf28967fffff,20,1,1.0,1.6904704235561494
883cf28967fffff,22,2,1.0,1.6392652193104187
883cf28969fffff,14,1,1.0,1.3230644458245828
883cf28969fffff,15,1,1.0,1.814417963845606
883cf28969fffff,23,1,1.0,1.6904641836616734
883cf2896bfffff,13,1,1.0,1.6011936831996763
883cf2896bfffff,14,1,1.0,1.3230644458245828
883cf2896bfffff,20,1,1.0,1.6904704235561494
883cf2896dfffff,5,1,1.0,1.8333699196700737
883cf2896dfffff,7,1,1.0,1.5820163008936619
883cf2896dfffff,9,1,1.0,2.05258871986251
883cf2896dfffff,10,2,1.0,1.620282373002724
883cf2896dfffff,14,1,2.0,2.5026994130701614
883cf2896dfffff,16,1,1.0,1.4481188156959135
883cf2896dfffff,19,1,1.0,1.7264651787415692
883cf2896dfffff,20,1,1.0,1.6904704235561494
883cf2c441fffff,6,1,2.0,1.8390137418519552
883cf2c441fffff,7,1,1.0,1.5820163008936619
883cf2c441fffff,14,1,1.0,1.3230644458245828
883cf2c441fffff,19,1,1.0,1.7264651787415692
883cf2c441fffff,20,2,1.0,1.6904704235561494
883cf2c441fffff,21,1,2.0,2.4207298880569628
883cf2c443fffff,8,1,1.0,1.5867511892580282
883cf2c443fffff,17,2,1.0,1.5588887133550895
883cf2c443fffff,18,1,2.0,1.5402494213401914
883cf2c449fffff,3,1,1.0,2.1189142862763415
883cf2c449fffff,6,3,1.0,1.8159445080693075
883cf2c449fffff,7,2,3.0,2.973869987150306
883cf2c449fffff,8,1,2.0,1.7195193050681588
883cf2c449fffff,10,2,1.0,1.620282373002724
883cf2c449fffff,11,1,2.0,1.7768378576427262
883cf2c449fffff,12,2,1.0,1.8874760274177234
883cf2c449fffff,15,2,2.0,2.363969144396636
883cf2c449fffff,16,1,2.0,2.4980290227074256
883cf2c449fffff,19,3,1.0,1.7264651787415692
883cf2c449fffff,21,1,3.0,2.035487005305199
883cf2c449fffff,22,1,1.0,1.6392652193104187
883cf2c449fffff,23,1,1.0,1.6904641836616734
883cf2c44bfffff,3,1,1.0,2.1189142862763415
883cf2c44bfffff,4,1,1.0,1.8921783467513174
883cf2c44bfffff,5,3,1.0,1.8333699196700737
883cf2c44bfffff,7,1,3.0,2.973869987150306
883cf2c44bfffff,14,1,1.0,1.3230644458245828
883cf2c44bfffff,18,1,1.0,1.7360804898026472
883cf2c44bfffff,23,2,1.0,1.6904641836616734
883cf2c44dfffff,10,1,2.0,2.301854345779299
883cf2c44dfffff,15,3,1.0,1.814417963845606
883cf2c44dfffff,20,2,3.0,3.0922734711491295
883cf2c451fffff,19,1,1.0,1.7264651787415692
883cf2c459fffff,11,1,1.0,1.8432641783426655
883cf2c459fffff,17,1,1.0,1.5588887133550895
883cf2c459fffff,18,1,1.0,1.7360804898026472
883cf2c459fffff,19,1,1.0,1.7264651787415692
883cf2c45bfffff,7,1,1.0,1.5820163008936619
883cf2c45bfffff,9,1,1.0,2.05258871986251
883cf2c45dfffff,19,1,1.0,1.7264651787415692
883cf2c45dfffff,22,2,1.0,1.6392652193104187
883cf2c469fffff,19,1,1.0,1.7264651787415692
883cf2c46dfffff,18,1,1.0,1.7360804898026472
883cf2c601fffff,1,10,6.0,6.251026014233446
883cf2c601fffff,2,3,10.0,2.344666666666667
883cf2c601fffff,3,5,3.0,3.1029635559425897
883cf2c601fffff,4,3,5.0,2.261320867857633
883cf2c601fffff,5,7,3.0,3.6767553462286076
883cf2c601fffff,6,6,7.0,4.605676249959145
883cf2c601fffff,7,3,6.0,3.6757156070159183
883cf2c601fffff,8,5,3.0,3.418734485584541
883cf2c601fffff,9,4,5.0,4.805428317198619
883cf2c601fffff,10,4,4.0,4.132272728336836
883cf2c601fffff,11,5,4.0,3.2694865322185875
883cf2c601fffff,12,4,5.0,3.387054742039418
883cf2c601fffff,13,2,4.0,3.177365443900521
883cf2c601fffff,14,2,2.0,2.5026994130701614
883cf2c601fffff,15,5,2.0,2.363969144396636
883cf2c601fffff,16,2,5.0,4.078789831036609
883cf2c601fffff,17,6,2.0,2.102539135797746
883cf2c601fffff,18,6,6.0,4.372709763805216
883cf2c601fffff,19,7,6.0,5.237249920609584
883cf2c601fffff,20,5,7.0,5.372534978199052
883cf2c601fffff,21,8,5.0,4.524123148850412
883cf2c601fffff,22,4,8.0,4.356430200623747
883cf2c601fffff,23,4,4.0,2.3476156394394168
883cf2c603fffff,1,3,1.0,2.016343321639584
883cf2c603fffff,2,1,3.0,3.137495470265734
883cf2c603fffff,3,3,1.0,2.1189142862763415
883cf2c603fffff,4,5,3.0,2.953727740020185
883cf2c603fffff,5,2,5.0,2.4967602813852814
883cf2c603fffff,6,4,2.0,1.8390137418519552
883cf2c603fffff,7,3,4.0,4.47258014359738
883cf2c603fffff,8,6,3.0,3.418734485584541
883cf2c603fffff,9,3,6.0,4.659049099800783
883cf2c603fffff,10,2,3.0,2.08589334508064
883cf2c603fffff,11,4,2.0,1.7768378576427262
883cf2c603fffff,12,2,4.0,3.7900188239088886
883cf2c603fffff,13,5,2.0,2.88013231257894
883cf2c603fffff,14,4,5.0,3.0496925424231396
883cf2c603fffff,15,1,4.0,3.105882634339343
883cf2c603fffff,16,3,1.0,1.4481188156959135
883cf2c603fffff,17,1,3.0,2.487091532684977
883cf2c603fffff,18,3,1.0,1.7360804898026472
883cf2c603fffff,19,5,3.0,4.001401025862515
883cf2c603fffff,20,1,5.0,3.782006356724409
883cf2c603fffff,21,4,1.0,1.786375408336386
883cf2c603fffff,22,4,4.0,3.234542041553192
883cf2c603fffff,23,1,4.0,2.3476156394394168
883cf2c605fffff,1,7,5.0,4.212492063492063
883cf2c605fffff,2,3,7.0,4.203344917552347
883cf2c605fffff,3,5,3.0,3.1029635559425897
883cf2c605fffff,4,3,5.0,2.261320867857633
883cf2c605fffff,5,4,3.0,3.6767553462286076
883cf2c605fffff,6,7,4.0,3.9566167262957244
883cf2c605fffff,7,6,7.0,4.8789803515592975
883cf2c605fffff,8,4,6.0,4.305234411565041
883cf2c605fffff,9,10,4.0,4.061840798149469
883cf2c605fffff,10,1,10.0,2.7586666666666666
883cf2c605fffff,11,4,1.0,1.8432641783426655
883cf2c605fffff,12,8,4.0,3.7900188239088886
883cf2c605fffff,13,5,8.0,6.081400773174246
883cf2c605fffff,14,2,5.0,3.0496925424231396
883cf2c605fffff,15,5,2.0,2.363969144396636
883cf2c605fffff,16,7,5.0,4.078789831036609
883cf2c605fffff,17,7,7.0,6.008252952152813
883cf2c605fffff,18,5,7.0,4.920347191247054
883cf2c605fffff,19,8,5.0,2.960711976324554
883cf2c605fffff,20,4,8.0,3.724628446821994
883cf2c605fffff,21,2,4.0,3.505188734076357
883cf2c605fffff,22,3,2.0,2.696833773006008
883cf2c605fffff,23,3,3.0,2.335180769851905
883cf2c607fffff,1,4,3.0,3.395641414420886
883cf2c607fffff,2,5,4.0,3.8992713050451435
883cf2c607fffff,3,4,5.0,2.7541495302083523
883cf2c607fffff,4,2,4.0,3.7803419821700426
883cf2c607fffff,5,4,2.0,2.9324598063707255
883cf2c607fffff,6,3,4.0,3.9566167262957244
883cf2c607fffff,7,3,3.0,2.973869987150306
883cf2c607fffff,8,4,3.0,3.418734485584541
883cf2c607fffff,9,2,4.0,4.061840798149469
883cf2c607fffff,10,3,2.0,2.301854345779299
883cf2c607fffff,11,4,3.0,2.6305722336407706
883cf2c607fffff,12,2,4.0,3.7900188239088886
883cf2c607fffff,13,3,2.0,2.88013231257894
883cf2c607fffff,14,3,3.0,2.551157505163856
883cf2c607fffff,15,3,3.0,3.2727864769650465
883cf2c607fffff,16,3,3.0,2.9783856011875995
883cf2c607fffff,17,3,3.0,2.487091532684977
883cf2c607fffff,18,2,3.0,3.1996808067916374
883cf2c607fffff,19,4,2.0,2.271181701606943
883cf2c607fffff,20,4,4.0,4.0920772349090075
883cf2c607fffff,21,4,4.0,3.505188734076357
883cf2c607fffff,22,7,4.0,3.234542041553192
883cf2c607fffff,23,5,7.0,3.202218253968254
883cf2c609fffff,1,3,5.0,4.212492063492063
883cf2c609fffff,2,7,3.0,3.137495470265734
883cf2c609fffff,3,5,7.0,4.6363546784742615
883cf2c609fffff,4,3,5.0,2.261320867857633
883cf2c609fffff,5,9,3.0,3.6767553462286076
883cf2c609fffff,6,5,9.0,4.40677557362658
883cf2c609fffff,7,6,5.0,3.5133543751041514
883cf2c609fffff,8,7,6.0,4.305234411565041
883cf2c609fffff,9,2,7.0,4.211673984419088
883cf2c609fffff,10,7,2.0,2.301854345779299
883cf2c609fffff,11,7,7.0,5.062571123011341
883cf2c609fffff,12,3,7.0,4.211950871041089
883cf2c609fffff,13,6,3.0,2.837385066937705
883cf2c609fffff,14,5,6.0,7.170359714240282
883cf2c609fffff,15,7,5.0,3.0242707163636315
883cf2c609fffff,17,8,7.0,6.008252952152813
883cf2c609fffff,18,4,8.0,3.755168897582106
883cf2c609fffff,19,3,4.0,2.791921121105076
883cf2c609fffff,20,4,3.0,3.0922734711491295
883cf2c609fffff,21,5,4.0,3.505188734076357
883cf2c609fffff,22,7,5.0,5.4743006379585335
883cf2c609fffff,23,4,7.0,3.202218253968254
883cf2c60bfffff,1,2,2.0,2.711581784228843
883cf2c60bfffff,2,4,2.0,2.587526803648856
883cf2c60bfffff,3,4,4.0,3.746442361666709
883cf2c60bfffff,4,3,4.0,3.7803419821700426
883cf2c60bfffff,5,1,3.0,3.6767553462286076
883cf2c60bfffff,6,5,1.0,1.8159445080693075
883cf2c60bfffff,7,5,5.0,3.5133543751041514
883cf2c60bfffff,9,7,5.0,4.805428317198619
883cf2c60bfffff,10,3,7.0,5.634566868581709
883cf2c60bfffff,11,3,3.0,2.6305722336407706
883cf2c60bfffff,12,6,3.0,3.66002592159274
883cf2c60bfffff,13,4,6.0,5.999833296213865
883cf2c60bfffff,14,4,4.0,3.166743200726475
883cf2c60bfffff,15,7,4.0,3.105882634339343
883cf2c60bfffff,16,5,7.0,5.468139948054516
883cf2c60bfffff,17,3,5.0,3.2128837471779383
883cf2c60bfffff,18,2,3.0,3.1996808067916374
883cf2c60bfffff,19,4,2.0,2.271181701606943
883cf2c60bfffff,20,4,4.0,4.0920772349090075
883cf2c60bfffff,21,6,4.0,3.505188734076357
883cf2c60bfffff,22,4,6.0,4.25073228492999
883cf2c60bfffff,23,4,4.0,2.3476156394394168
883cf2c60dfffff,1,4,6.0,6.251026014233446
883cf2c60dfffff,2,7,4.0,3.8992713050451435
883cf2c60dfffff,3,4,7.0,4.6363546784742615
883cf2c60dfffff,4,6,4.0,3.7803419821700426
883cf2c60dfffff,5,5,6.0,2.930311545179967
883cf2c60dfffff,6,4,5.0,3.5379837685864857
883cf2c60dfffff,7,5,4.0,4.47258014359738
883cf2c60dfffff,8,4,5.0,4.444914151454803
883cf2c60dfffff,9,5,4.0,4.061840798149469
883cf2c60dfffff,10,5,5.0,3.875461769585014
883cf2c60dfffff,11,3,5.0,6.019775847738504
883cf2c60dfffff,12,5,3.0,3.66002592159274
883cf2c60dfffff,13,4,5.0,3.7271640971154367
883cf2c60dfffff,14,6,4.0,3.166743200726475
883cf2c60dfffff,15,5,6.0,6.153156416865613
883cf2c60dfffff,16,6,5.0,4.078789831036609
883cf2c60dfffff,17,7,6.0,4.2438286645123515
883cf2c60dfffff,18,6,7.0,4.920347191247054
883cf2c60dfffff,19,5,6.0,5.237249920609584
883cf2c60dfffff,20,5,5.0,3.782006356724409
883cf2c60dfffff,21,7,5.0,4.524123148850412
883cf2c60dfffff,22,6,7.0,5.7539799735159125
883cf2c60dfffff,23,3,6.0,3.0974722222222226
883cf2c611fffff,2,2,3.0,3.137495470265734
883cf2c611fffff,3,2,2.0,2.3321357362291413
883cf2c611fffff,4,1,2.0,1.8395001227274532
883cf2c611fffff,5,1,1.0,1.8333699196700737
883cf2c611fffff,7,2,1.0,1.5820163008936619
883cf2c611fffff,8,1,2.0,1.7195193050681588
883cf2c611fffff,9,1,1.0,2.05258871986251
883cf2c611fffff,11,1,1.0,1.8432641783426655
883cf2c611fffff,13,1,1.0,1.6011936831996763
883cf2c611fffff,14,2,1.0,1.3230644458245828
883cf2c611fffff,15,2,2.0,2.363969144396636
883cf2c611fffff,16,2,2.0,2.4980290227074256
883cf2c611fffff,17,1,2.0,2.102539135797746
883cf2c611fffff,19,1,1.0,1.7264651787415692
883cf2c611fffff,20,2,1.0,1.6904704235561494
883cf2c611fffff,21,1,2.0,2.4207298880569628
883cf2c613fffff,6,2,1.0,1.8159445080693075
883cf2c613fffff,11,1,2.0,1.7768378576427262
883cf2c613fffff,12,1,1.0,1.8874760274177234
883cf2c613fffff,16,2,1.0,1.4481188156959135
883cf2c613fffff,18,2,2.0,1.5402494213401914
883cf2c613fffff,21,1,2.0,2.4207298880569628
883cf2c613fffff,22,1,1.0,1.6392652193104187
883cf2c613fffff,23,1,1.0,1.6904641836616734
883cf2c615fffff,1,1,1.0,2.016343321639584
883cf2c615fffff,2,1,1.0,2.0542198499133915
883cf2c615fffff,3,1,1.0,2.1189142862763415
883cf2c615fffff,4,4,1.0,1.8921783467513174
883cf2c615fffff,5,1,4.0,2.5671681575856145
883cf2c615fffff,6,2,1.0,1.8159445080693075
883cf2c615fffff,8,2,2.0,1.7195193050681588
883cf2c615fffff,9,2,2.0,1.9829284584696945
883cf2c615fffff,10,3,2.0,2.301854345779299
883cf2c615fffff,11,4,3.0,2.6305722336407706
883cf2c615fffff,12,2,4.0,3.7900188239088886
883cf2c615fffff,14,5,2.0,2.5026994130701614
883cf2c615fffff,15,3,5.0,3.0242707163636315
883cf2c615fffff,16,1,3.0,2.9783856011875995
883cf2c615fffff,17,2,1.0,1.5588887133550895
883cf2c615fffff,18,3,2.0,1.5402494213401914
883cf2c615fffff,19,1,3.0,4.001401025862515
883cf2c615fffff,20,1,1.0,1.6904704235561494
883cf2c615fffff,21,2,1.0,1.786375408336386
883cf2c615fffff,22,2,2.0,2.696833773006008
883cf2c615fffff,23,1,2.0,2.8099842398801376
883cf2c617fffff,2,2,1.0,2.0542198499133915
883cf2c617fffff,3,1,2.0,2.3321357362291413
883cf2c617fffff,4,1,1.0,1.8921783467513174
883cf2c617fffff,5,1,1.0,1.8333699196700737
883cf2c617fffff,8,2,1.0,1.5867511892580282
883cf2c617fffff,9,1,2.0,1.9829284584696945
883cf2c617fffff,10,2,1.0,1.620282373002724
883cf2c617fffff,11,1,2.0,1.7768378576427262
883cf2c617fffff,13,1,1.0,1.6011936831996763
883cf2c617fffff,14,1,1.0,1.3230644458245828
883cf2c617fffff,16,1,1.0,1.4481188156959135
883cf2c617fffff,18,2,1.0,1.7360804898026472
883cf2c617fffff,19,1,2.0,2.271181701606943
883cf2c617fffff,23,2,1.0,1.6904641836616734
883cf2c619fffff,3,4,3.0,3.1029635559425897
883cf2c619fffff,4,4,4.0,3.7803419821700426
883cf2c619fffff,6,1,4.0,3.9566167262957244
883cf2c619fffff,7,1,1.0,1.5820163008936619
883cf2c619fffff,8,2,1.0,1.5867511892580282
883cf2c619fffff,9,4,2.0,1.9829284584696945
883cf2c619fffff,11,4,4.0,3.2694865322185875
883cf2c619fffff,13,3,4.0,3.177365443900521
883cf2c619fffff,14,1,3.0,2.551157505163856
883cf2c619fffff,15,1,1.0,1.814417963845606
883cf2c619fffff,16,2,1.0,1.4481188156959135
883cf2c619fffff,18,1,2.0,1.5402494213401914
883cf2c619fffff,19,1,1.0,1.7264651787415692
883cf2c619fffff,21,3,1.0,1.786375408336386
883cf2c619fffff,22,2,3.0,2.430439659811444
883cf2c619fffff,23,2,2.0,2.8099842398801376
883cf2c61bfffff,3,2,1.0,2.1189142862763415
883cf2c61bfffff,4,2,2.0,1.8395001227274532
883cf2c61bfffff,6,1,2.0,1.8390137418519552
883cf2c61bfffff,7,1,1.0,1.5820163008936619
883cf2c61bfffff,8,2,1.0,1.5867511892580282
883cf2c61bfffff,9,5,2.0,1.9829284584696945
883cf2c61bfffff,10,1,5.0,3.875461769585014
883cf2c61bfffff,12,3,1.0,1.8874760274177234
883cf2c61bfffff,13,2,3.0,2.837385066937705
883cf2c61bfffff,14,2,2.0,2.5026994130701614
883cf2c61bfffff,16,1,2.0,2.4980290227074256
883cf2c61bfffff,17,1,1.0,1.5588887133550895
883cf2c61bfffff,18,1,1.0,1.7360804898026472
883cf2c61bfffff,22,1,1.0,1.6392652193104187
883cf2c61bfffff,23,1,1.0,1.6904641836616734
883cf2c61dfffff,1,4,1.0,2.016343321639584
883cf2c61dfffff,2,6,4.0,3.8992713050451435
883cf2c61dfffff,3,1,6.0,3.6159426809001114
883cf2c61dfffff,4,2,1.0,1.8921783467513174
883cf2c61dfffff,5,8,2.0,2.9324598063707255
883cf2c61dfffff,6,3,8.0,3.6623463230920668
883cf2c61dfffff,7,7,3.0,2.973869987150306
883cf2c61dfffff,8,3,7.0,4.899941547265597
883cf2c61dfffff,9,5,3.0,2.643056563503087
883cf2c61dfffff,10,2,5.0,3.875461769585014
883cf2c61dfffff,11,2,2.0,1.7768378576427262
883cf2c61dfffff,12,3,2.0,1.9754841942181303
883cf2c61dfffff,13,3,3.0,2.837385066937705
883cf2c61dfffff,14,5,3.0,2.551157505163856
883cf2c61dfffff,15,1,5.0,3.0242707163636315
883cf2c61dfffff,16,2,1.0,1.4481188156959135
883cf2c61dfffff,17,1,2.0,2.102539135797746
883cf2c61dfffff,18,2,1.0,1.7360804898026472
883cf2c61dfffff,19,1,2.0,2.271181701606943
883cf2c61dfffff,20,1,1.0,1.6904704235561494
883cf2c61dfffff,21,1,1.0,1.786375408336386
883cf2c61dfffff,22,1,1.0,1.6392652193104187
883cf2c61dfffff,23,2,1.0,1.6904641836616734
883cf2c621fffff,2,1,1.0,2.0542198499133915
883cf2c621fffff,3,7,1.0,2.1189142862763415
883cf2c621fffff,5,3,7.0,3.278791558072131
883cf2c621fffff,6,3,3.0,2.8355322750364125
883cf2c621fffff,7,2,3.0,2.973869987150306
883cf2c621fffff,8,1,2.0,1.7195193050681588
883cf2c621fffff,9,1,1.0,2.05258871986251
883cf2c621fffff,10,4,1.0,1.620282373002724
883cf2c621fffff,11,1,4.0,3.2694865322185875
883cf2c621fffff,14,2,1.0,1.3230644458245828
883cf2c621fffff,16,3,2.0,2.4980290227074256
883cf2c621fffff,17,2,3.0,2.487091532684977
883cf2c621fffff,18,3,2.0,1.5402494213401914
883cf2c621fffff,19,2,3.0,4.001401025862515
883cf2c621fffff,20,2,2.0,2.092369958426831
883cf2c621fffff,21,2,2.0,2.4207298880569628
883cf2c621fffff,22,4,2.0,2.696833773006008
883cf2c621fffff,23,1,4.0,2.3476156394394168
883cf2c623fffff,1,1,4.0,4.050629364426424
883cf2c623fffff,2,5,1.0,2.0542198499133915
883cf2c623fffff,4,1,5.0,2.261320867857633
883cf2c623fffff,5,1,1.0,1.8333699196700737
883cf2c623fffff,6,2,1.0,1.8159445080693075
883cf2c623fffff,7,2,2.0,1.978624782051246
883cf2c623fffff,8,1,2.0,1.7195193050681588
883cf2c623fffff,9,1,1.0,2.05258871986251
883cf2c623fffff,11,2,1.0,1.8432641783426655
883cf2c623fffff,12,1,2.0,1.9754841942181303
883cf2c623fffff,15,4,1.0,1.814417963845606
883cf2c623fffff,16,2,4.0,3.2881595227559357
883cf2c623fffff,17,1,2.0,2.102539135797746
883cf2c623fffff,18,2,1.0,1.7360804898026472
883cf2c623fffff,19,2,2.0,2.271181701606943
883cf2c623fffff,20,3,2.0,2.092369958426831
883cf2c623fffff,22,2,3.0,2.430439659811444
883cf2c625fffff,2,2,1.0,2.0542198499133915
883cf2c625fffff,3,1,2.0,2.3321357362291413
883cf2c625fffff,4,2,1.0,1.8921783467513174
883cf2c625fffff,6,1,2.0,1.8390137418519552
883cf2c625fffff,8,1,1.0,1.5867511892580282
883cf2c625fffff,9,1,1.0,2.05258871986251
883cf2c625fffff,11,1,1.0,1.8432641783426655
883cf2c625fffff,12,1,1.0,1.8874760274177234
883cf2c625fffff,14,1,1.0,1.3230644458245828
883cf2c625fffff,15,4,1.0,1.814417963845606
883cf2c625fffff,16,2,4.0,3.2881595227559357
883cf2c625fffff,17,2,2.0,2.102539135797746
883cf2c625fffff,19,1,2.0,2.271181701606943
883cf2c625fffff,20,1,1.0,1.6904704235561494
883cf2c625fffff,22,1,1.0,1.6392652193104187
883cf2c627fffff,1,1,1.0,2.016343321639584
883cf2c627fffff,2,3,1.0,2.0542198499133915
883cf2c627fffff,3,1,3.0,3.1029635559425897
883cf2c627fffff,5,2,1.0,1.8333699196700737
883cf2c627fffff,6,2,2.0,1.8390137418519552
883cf2c627fffff,7,3,2.0,1.978624782051246
883cf2c627fffff,9,1,3.0,2.643056563503087
883cf2c627fffff,11,2,1.0,1.8432641783426655
883cf2c627fffff,12,1,2.0,1.9754841942181303
883cf2c627fffff,13,2,1.0,1.6011936831996763
883cf2c627fffff,14,3,2.0,2.5026994130701614
883cf2c627fffff,15,1,3.0,3.2727864769650465
883cf2c627fffff,17,5,1.0,1.5588887133550895
883cf2c627fffff,18,2,5.0,3.3627327549436217
883cf2c627fffff,19,2,2.0,2.271181701606943
883cf2c627fffff,20,1,2.0,2.092369958426831
883cf2c627fffff,22,1,1.0,1.6392652193104187
883cf2c629fffff,1,3,3.0,3.395641414420886
883cf2c629fffff,2,4,3.0,3.137495470265734
883cf2c629fffff,3,4,4.0,3.746442361666709
883cf2c629fffff,4,1,4.0,3.7803419821700426
883cf2c629fffff,6,6,1.0,1.8159445080693075
883cf2c629fffff,7,1,6.0,3.6757156070159183
883cf2c629fffff,8,5,1.0,1.5867511892580282
883cf2c629fffff,9,5,5.0,4.805428317198619
883cf2c629fffff,10,4,5.0,3.875461769585014
883cf2c629fffff,11,5,4.0,3.2694865322185875
883cf2c629fffff,12,2,5.0,3.387054742039418
883cf2c629fffff,13,2,2.0,2.88013231257894
883cf2c629fffff,14,3,2.0,2.5026994130701614
883cf2c629fffff,16,4,3.0,2.9783856011875995
883cf2c629fffff,17,3,4.0,3.444753985341286
883cf2c629fffff,18,5,3.0,3.1996808067916374
883cf2c629fffff,19,3,5.0,2.960711976324554
883cf2c629fffff,20,3,3.0,3.0922734711491295
883cf2c629fffff,21,3,3.0,2.035487005305199
883cf2c629fffff,22,3,3.0,2.430439659811444
883cf2c629fffff,23,3,3.0,2.335180769851905
883cf2c62bfffff,3,2,2.0,2.3321357362291413
883cf2c62bfffff,4,2,2.0,1.8395001227274532
883cf2c62bfffff,5,4,2.0,2.9324598063707255
883cf2c62bfffff,6,5,4.0,3.9566167262957244
883cf2c62bfffff,7,2,5.0,3.5133543751041514
883cf2c62bfffff,8,1,2.0,1.7195193050681588
883cf2c62bfffff,9,6,1.0,2.05258871986251
883cf2c62bfffff,10,3,6.0,3.955931436762067
883cf2c62bfffff,11,6,3.0,2.6305722336407706
883cf2c62bfffff,12,2,6.0,3.4312822419147966
883cf2c62bfffff,13,3,2.0,2.88013231257894
883cf2c62bfffff,14,3,3.0,2.551157505163856
883cf2c62bfffff,15,3,3.0,3.2727864769650465
883cf2c62bfffff,16,4,3.0,2.9783856011875995
883cf2c62bfffff,17,4,4.0,3.444753985341286
883cf2c62bfffff,18,7,4.0,2.8089884390415976
883cf2c62bfffff,19,5,7.0,5.413471028260102
883cf2c62bfffff,20,8,5.0,3.782006356724409
883cf2c62bfffff,21,3,8.0,3.7343695945631428
883cf2c62bfffff,22,1,3.0,2.430439659811444
883cf2c62bfffff,23,6,1.0,1.6904641836616734
883cf2c62dfffff,1,3,3.0,3.395641414420886
883cf2c62dfffff,2,3,3.0,3.137495470265734
883cf2c62dfffff,3,1,3.0,3.1029635559425897
883cf2c62dfffff,6,2,1.0,1.8159445080693075
883cf2c62dfffff,7,1,2.0,1.978624782051246
883cf2c62dfffff,8,1,1.0,1.5867511892580282
883cf2c62dfffff,10,2,1.0,1.620282373002724
883cf2c62dfffff,11,1,2.0,1.7768378576427262
883cf2c62dfffff,12,5,1.0,1.8874760274177234
883cf2c62dfffff,13,4,5.0,3.7271640971154367
883cf2c62dfffff,14,2,4.0,3.166743200726475
883cf2c62dfffff,15,3,2.0,2.363969144396636
883cf2c62dfffff,16,2,3.0,2.9783856011875995
883cf2c62dfffff,17,2,2.0,2.102539135797746
883cf2c62dfffff,19,1,2.0,2.271181701606943
883cf2c62dfffff,20,5,1.0,1.6904704235561494
883cf2c62dfffff,21,3,5.0,4.524123148850412
883cf2c62dfffff,23,2,3.0,2.335180769851905
883cf2c631fffff,1,1,2.0,2.711581784228843
883cf2c631fffff,2,1,1.0,2.0542198499133915
883cf2c631fffff,3,1,1.0,2.1189142862763415
883cf2c631fffff,4,1,1.0,1.8921783467513174
883cf2c631fffff,5,2,1.0,1.8333699196700737
883cf2c631fffff,7,1,2.0,1.978624782051246
883cf2c631fffff,8,2,1.0,1.5867511892580282
883cf2c631fffff,9,1,2.0,1.9829284584696945
883cf2c631fffff,10,2,1.0,1.620282373002724
883cf2c631fffff,12,1,2.0,1.9754841942181303
883cf2c631fffff,13,3,1.0,1.6011936831996763
883cf2c631fffff,14,1,3.0,2.551157505163856
883cf2c631fffff,15,2,1.0,1.814417963845606
883cf2c631fffff,16,1,2.0,2.4980290227074256
883cf2c631fffff,17,1,1.0,1.5588887133550895
883cf2c631fffff,18,1,1.0,1.7360804898026472
883cf2c631fffff,19,4,1.0,1.7264651787415692
883cf2c631fffff,20,3,4.0,4.0920772349090075
883cf2c631fffff,21,1,3.0,2.035487005305199
883cf2c631fffff,22,1,1.0,1.6392652193104187
883cf2c631fffff,23,1,1.0,1.6904641836616734
883cf2c633fffff,12,2,1.0,1.8874760274177234
883cf2c633fffff,13,1,2.0,2.88013231257894
883cf2c633fffff,22,4,1.0,1.6392652193104187
883cf2c635fffff,3,1,2.0,2.3321357362291413
883cf2c635fffff,4,3,1.0,1.8921783467513174
883cf2c635fffff,5,3,3.0,3.6767553462286076
883cf2c635fffff,6,1,3.0,2.8355322750364125
883cf2c635fffff,7,1,1.0,1.5820163008936619
883cf2c635fffff,8,2,1.0,1.5867511892580282
883cf2c635fffff,10,1,2.0,2.301854345779299
883cf2c635fffff,13,1,1.0,1.6011936831996763
883cf2c635fffff,14,2,1.0,1.3230644458245828
883cf2c635fffff,15,2,2.0,2.363969144396636
883cf2c635fffff,16,1,2.0,2.4980290227074256
883cf2c635fffff,18,1,1.0,1.7360804898026472
883cf2c635fffff,20,1,1.0,1.6904704235561494
883cf2c635fffff,21,5,1.0,1.786375408336386
883cf2c635fffff,23,1,5.0,5.395851925851926
883cf2c637fffff,1,1,1.0,2.016343321639584
883cf2c637fffff,2,1,1.0,2.0542198499133915
883cf2c637fffff,4,1,1.0,1.8921783467513174
883cf2c637fffff,5,1,1.0,1.8333699196700737
883cf2c637fffff,6,1,1.0,1.8159445080693075
883cf2c637fffff,9,2,1.0,2.05258871986251
883cf2c637fffff,10,1,2.0,2.301854345779299
883cf2c637fffff,11,1,1.0,1.8432641783426655
883cf2c637fffff,16,1,1.0,1.4481188156959135
883cf2c637fffff,20,2,1.0,1.6904704235561494
883cf2c637fffff,21,1,2.0,2.4207298880569628
883cf2c639fffff,1,4,1.0,2.016343321639584
883cf2c639fffff,2,1,4.0,3.8992713050451435
883cf2c639fffff,3,1,1.0,2.1189142862763415
883cf2c639fffff,4,6,1.0,1.8921783467513174
883cf2c639fffff,5,1,6.0,2.930311545179967
883cf2c639fffff,6,2,1.0,1.8159445080693075
883cf2c639fffff,7,3,2.0,1.978624782051246
883cf2c639fffff,8,4,3.0,3.418734485584541
883cf2c639fffff,9,4,4.0,4.061840798149469
883cf2c639fffff,10,4,4.0,4.132272728336836
883cf2c639fffff,11,2,4.0,3.2694865322185875
883cf2c639fffff,13,4,2.0,2.88013231257894
883cf2c639fffff,14,1,4.0,3.166743200726475
883cf2c639fffff,15,1,1.0,1.814417963845606
883cf2c639fffff,17,3,1.0,1.5588887133550895
883cf2c639fffff,18,4,3.0,3.1996808067916374
883cf2c639fffff,19,1,4.0,2.791921121105076
883cf2c639fffff,20,1,1.0,1.6904704235561494
883cf2c639fffff,22,4,1.0,1.6392652193104187
883cf2c639fffff,23,2,4.0,2.3476156394394168
883cf2c63bfffff,1,1,1.0,2.016343321639584
883cf2c63bfffff,3,2,1.0,2.1189142862763415
883cf2c63bfffff,5,1,2.0,2.9324598063707255
883cf2c63bfffff,6,1,1.0,1.8159445080693075
883cf2c63bfffff,7,1,1.0,1.5820163008936619
883cf2c63bfffff,8,2,1.0,1.5867511892580282
883cf2c63bfffff,9,1,2.0,1.9829284584696945
883cf2c63bfffff,10,2,1.0,1.620282373002724
883cf2c63bfffff,12,1,2.0,1.9754841942181303
883cf2c63bfffff,13,4,1.0,1.6011936831996763
883cf2c63bfffff,14,1,4.0,3.166743200726475
883cf2c63bfffff,16,3,1.0,1.4481188156959135
883cf2c63bfffff,17,4,3.0,2.487091532684977
883cf2c63bfffff,18,1,4.0,2.8089884390415976
883cf2c63bfffff,20,1,1.0,1.6904704235561494
883cf2c63bfffff,21,3,1.0,1.786375408336386
883cf2c63bfffff,23,1,3.0,2.335180769851905
883cf2c63dfffff,1,1,4.0,4.050629364426424
883cf2c63dfffff,2,2,1.0,2.0542198499133915
883cf2c63dfffff,3,5,2.0,2.3321357362291413
883cf2c63dfffff,4,1,5.0,2.261320867857633
883cf2c63dfffff,5,2,1.0,1.8333699196700737
883cf2c63dfffff,6,1,2.0,1.8390137418519552
883cf2c63dfffff,8,1,1.0,1.5867511892580282
883cf2c63dfffff,9,4,1.0,2.05258871986251
883cf2c63dfffff,10,3,4.0,4.132272728336836
883cf2c63dfffff,11,1,3.0,2.6305722336407706
883cf2c63dfffff,12,1,1.0,1.8874760274177234
883cf2c63dfffff,13,2,1.0,1.6011936831996763
883cf2c63dfffff,14,3,2.0,2.5026994130701614
883cf2c63dfffff,15,4,3.0,3.2727864769650465
883cf2c63dfffff,17,1,4.0,3.444753985341286
883cf2c63dfffff,18,6,1.0,1.7360804898026472
883cf2c63dfffff,19,4,6.0,5.237249920609584
883cf2c63dfffff,20,3,4.0,4.0920772349090075
883cf2c63dfffff,22,4,3.0,2.430439659811444
883cf2c63dfffff,23,4,4.0,2.3476156394394168
883cf2c641fffff,1,2,7.0,4.0667933302507615
883cf2c641fffff,2,6,2.0,2.587526803648856
883cf2c641fffff,3,6,6.0,3.6159426809001114
883cf2c641fffff,4,7,6.0,5.195269692296008
883cf2c641fffff,5,3,7.0,3.278791558072131
883cf2c641fffff,6,1,3.0,2.8355322750364125
883cf2c641fffff,7,7,1.0,1.5820163008936619
883cf2c641fffff,8,6,7.0,4.899941547265597
883cf2c641fffff,9,5,6.0,4.659049099800783
883cf2c641fffff,10,6,5.0,3.875461769585014
883cf2c641fffff,11,3,6.0,3.55353443090228
883cf2c641fffff,12,8,3.0,3.66002592159274
883cf2c641fffff,13,8,8.0,6.081400773174246
883cf2c641fffff,14,7,8.0,6.777375423523895
883cf2c641fffff,15,5,7.0,5.936831463550952
883cf2c641fffff,16,4,5.0,4.078789831036609
883cf2c641fffff,17,8,4.0,3.444753985341286
883cf2c641fffff,18,3,8.0,3.755168897582106
883cf2c641fffff,19,9,3.0,4.001401025862515
883cf2c641fffff,20,5,9.0,4.221822336265885
883cf2c641fffff,21,8,5.0,4.524123148850412
883cf2c641fffff,22,5,8.0,4.356430200623747
883cf2c641fffff,23,8,5.0,5.395851925851926
883cf2c643fffff,1,3,10.0,3.131666666666667
883cf2c643fffff,2,5,3.0,3.137495470265734
883cf2c643fffff,3,2,5.0,2.7541495302083523
883cf2c643fffff,4,3,2.0,1.8395001227274532
883cf2c643fffff,5,5,3.0,3.6767553462286076
883cf2c643fffff,6,3,5.0,3.5379837685864857
883cf2c643fffff,7,7,3.0,2.973869987150306
883cf2c643fffff,8,4,7.0,4.899941547265597
883cf2c643fffff,9,2,4.0,4.061840798149469
883cf2c643fffff,10,5,2.0,2.301854345779299
883cf2c643fffff,11,7,5.0,6.019775847738504
883cf2c643fffff,12,3,7.0,4.211950871041089
883cf2c643fffff,13,5,3.0,2.837385066937705
883cf2c643fffff,14,6,5.0,3.0496925424231396
883cf2c643fffff,15,11,6.0,6.153156416865613
883cf2c643fffff,16,6,11.0,6.5
883cf2c643fffff,17,5,6.0,4.2438286645123515
883cf2c643fffff,18,7,5.0,3.3627327549436217
883cf2c643fffff,19,6,7.0,5.413471028260102
883cf2c643fffff,20,7,6.0,4.679658636893299
883cf2c643fffff,21,9,7.0,6.69469967048561
883cf2c643fffff,22,5,9.0,4.151969161662709
883cf2c643fffff,23,3,5.0,5.395851925851926
883cf2c645fffff,1,10,4.0,4.050629364426424
883cf2c645fffff,2,1,10.0,2.344666666666667
883cf2c645fffff,3,3,1.0,2.1189142862763415
883cf2c645fffff,4,6,3.0,2.953727740020185
883cf2c645fffff,5,2,6.0,2.930311545179967
883cf2c645fffff,6,6,2.0,1.8390137418519552
883cf2c645fffff,7,5,6.0,3.6757156070159183
883cf2c645fffff,8,8,5.0,4.444914151454803
883cf2c645fffff,9,6,8.0,4.846065142023094
883cf2c645fffff,10,8,6.0,3.955931436762067
883cf2c645fffff,11,2,8.0,3.3226862023764197
883cf2c645fffff,12,4,2.0,1.9754841942181303
883cf2c645fffff,13,4,4.0,3.177365443900521
883cf2c645fffff,14,4,4.0,3.166743200726475
883cf2c645fffff,15,2,4.0,3.105882634339343
883cf2c645fffff,16,5,2.0,2.4980290227074256
883cf2c645fffff,17,3,5.0,3.2128837471779383
883cf2c645fffff,18,6,3.0,3.1996808067916374
883cf2c645fffff,19,6,6.0,5.237249920609584
883cf2c645fffff,20,2,6.0,4.679658636893299
883cf2c645fffff,21,3,2.0,2.4207298880569628
883cf2c645fffff,22,5,3.0,2.430439659811444
883cf2c645fffff,23,7,5.0,5.395851925851926
883cf2c647fffff,1,8,6.0,6.251026014233446
883cf2c647fffff,2,7,8.0,5.492110769347611
883cf2c647fffff,3,5,7.0,4.6363546784742615
883cf2c647fffff,4,1,5.0,2.261320867857633
883cf2c647fffff,5,9,1.0,1.8333699196700737
883cf2c647fffff,6,4,9.0,4.40677557362658
883cf2c647fffff,7,7,4.0,4.47258014359738
883cf2c647fffff,8,7,7.0,4.899941547265597
883cf2c647fffff,9,4,7.0,4.211673984419088
883cf2c647fffff,10,9,4.0,4.132272728336836
883cf2c647fffff,11,1,9.0,4.069803571428571
883cf2c647fffff,12,5,1.0,1.8874760274177234
883cf2c647fffff,13,6,5.0,3.7271640971154367
883cf2c647fffff,14,10,6.0,7.170359714240282
883cf2c647fffff,15,3,10.0,2.9353809523809526
883cf2c647fffff,16,7,3.0,2.9783856011875995
883cf2c647fffff,17,11,7.0,6.008252952152813
883cf2c647fffff,18,11,11.0,8.692916666666667
883cf2c647fffff,19,5,11.0,6.467777777777778
883cf2c647fffff,20,6,5.0,3.782006356724409
883cf2c647fffff,21,2,6.0,4.211698932661345
883cf2c647fffff,23,6,2.0,2.8099842398801376
883cf2c649fffff,1,5,4.0,4.050629364426424
883cf2c649fffff,2,4,5.0,2.257747210306033
883cf2c649fffff,3,3,4.0,3.746442361666709
883cf2c649fffff,4,2,3.0,2.953727740020185
883cf2c649fffff,5,4,2.0,2.9324598063707255
883cf2c649fffff,7,4,4.0,4.47258014359738
883cf2c649fffff,8,1,4.0,2.0235779927309028
883cf2c649fffff,10,2,1.0,1.620282373002724
883cf2c649fffff,11,1,2.0,1.7768378576427262
883cf2c649fffff,12,6,1.0,1.8874760274177234
883cf2c649fffff,13,5,6.0,5.999833296213865
883cf2c649fffff,14,1,5.0,3.0496925424231396
883cf2c649fffff,15,3,1.0,1.814417963845606
883cf2c649fffff,16,3,3.0,2.9783856011875995
883cf2c649fffff,17,3,3.0,2.487091532684977
883cf2c649fffff,18,2,3.0,3.1996808067916374
883cf2c649fffff,19,2,2.0,2.271181701606943
883cf2c649fffff,20,3,2.0,2.092369958426831
883cf2c649fffff,21,3,3.0,2.035487005305199
883cf2c649fffff,22,5,3.0,2.430439659811444
883cf2c649fffff,23,6,5.0,5.395851925851926
883cf2c64bfffff,1,5,3.0,3.395641414420886
883cf2c64bfffff,2,3,5.0,2.257747210306033
883cf2c64bfffff,3,4,3.0,3.1029635559425897
883cf2c64bfffff,4,3,4.0,3.7803419821700426
883cf2c64bfffff,5,3,3.0,3.6767553462286076
883cf2c64bfffff,6,4,3.0,2.8355322750364125
883cf2c64bfffff,7,4,4.0,4.47258014359738
883cf2c64bfffff,8,1,4.0,2.0235779927309028
883cf2c64bfffff,9,4,1.0,2.05258871986251
883cf2c64bfffff,10,4,4.0,4.132272728336836
883cf2c64bfffff,11,3,4.0,3.2694865322185875
883cf2c64bfffff,12,5,3.0,3.66002592159274
883cf2c64bfffff,13,7,5.0,3.7271640971154367
883cf2c64bfffff,14,9,7.0,7.50530261806848
883cf2c64bfffff,15,3,9.0,3.9778962794795336
883cf2c64bfffff,16,1,3.0,2.9783856011875995
883cf2c64bfffff,17,3,1.0,1.5588887133550895
883cf2c64bfffff,18,2,3.0,3.1996808067916374
883cf2c64bfffff,19,10,2.0,2.271181701606943
883cf2c64bfffff,20,2,10.0,3.105301587301588
883cf2c64bfffff,21,5,2.0,2.4207298880569628
883cf2c64bfffff,22,5,5.0,5.4743006379585335
883cf2c64bfffff,23,5,5.0,5.395851925851926
883cf2c64dfffff,1,5,3.0,3.395641414420886
883cf2c64dfffff,2,1,5.0,2.257747210306033
883cf2c64dfffff,3,3,1.0,2.1189142862763415
883cf2c64dfffff,4,3,3.0,2.953727740020185
883cf2c64dfffff,5,4,3.0,3.6767553462286076
883cf2c64dfffff,6,3,4.0,3.9566167262957244
883cf2c64dfffff,7,1,3.0,2.973869987150306
883cf2c64dfffff,8,4,1.0,1.5867511892580282
883cf2c64dfffff,9,2,4.0,4.061840798149469
883cf2c64dfffff,10,3,2.0,2.301854345779299
883cf2c64dfffff,11,4,3.0,2.6305722336407706
883cf2c64dfffff,12,5,4.0,3.7900188239088886
883cf2c64dfffff,13,2,5.0,3.7271640971154367
883cf2c64dfffff,14,4,2.0,2.5026994130701614
883cf2c64dfffff,15,4,4.0,3.105882634339343
883cf2c64dfffff,16,3,4.0,3.2881595227559357
883cf2c64dfffff,17,1,3.0,2.487091532684977
883cf2c64dfffff,18,4,1.0,1.7360804898026472
883cf2c64dfffff,19,6,4.0,2.791921121105076
883cf2c64dfffff,20,5,6.0,4.679658636893299
883cf2c64dfffff,21,2,5.0,4.524123148850412
883cf2c64dfffff,22,2,2.0,2.696833773006008
883cf2c64dfffff,23,4,2.0,2.8099842398801376
883cf2c651fffff,1,5,7.0,4.0667933302507615
883cf2c651fffff,2,1,5.0,2.257747210306033
883cf2c651fffff,3,5,1.0,2.1189142862763415
883cf2c651fffff,4,3,5.0,2.261320867857633
883cf2c651fffff,5,2,3.0,3.6767553462286076
883cf2c651fffff,6,1,2.0,1.8390137418519552
883cf2c651fffff,7,2,1.0,1.5820163008936619
883cf2c651fffff,8,2,2.0,1.7195193050681588
883cf2c651fffff,9,3,2.0,1.9829284584696945
883cf2c651fffff,10,3,3.0,2.08589334508064
883cf2c651fffff,11,4,3.0,2.6305722336407706
883cf2c651fffff,12,2,4.0,3.7900188239088886
883cf2c651fffff,13,5,2.0,2.88013231257894
883cf2c651fffff,14,2,5.0,3.0496925424231396
883cf2c651fffff,15,4,2.0,2.363969144396636
883cf2c651fffff,17,1,4.0,3.444753985341286
883cf2c651fffff,19,2,1.0,1.7264651787415692
883cf2c651fffff,20,1,2.0,2.092369958426831
883cf2c651fffff,21,4,1.0,1.786375408336386
883cf2c651fffff,22,5,4.0,3.234542041553192
883cf2c653fffff,1,3,2.0,2.711581784228843
883cf2c653fffff,2,3,3.0,3.137495470265734
883cf2c653fffff,3,5,3.0,3.1029635559425897
883cf2c653fffff,4,1,5.0,2.261320867857633
883cf2c653fffff,8,2,1.0,1.5867511892580282
883cf2c653fffff,10,1,2.0,2.301854345779299
883cf2c653fffff,11,2,1.0,1.8432641783426655
883cf2c653fffff,12,1,2.0,1.9754841942181303
883cf2c653fffff,13,2,1.0,1.6011936831996763
883cf2c653fffff,14,2,2.0,2.5026994130701614
883cf2c653fffff,15,2,2.0,2.363969144396636
883cf2c653fffff,17,2,2.0,2.102539135797746
883cf2c653fffff,18,1,2.0,1.5402494213401914
883cf2c653fffff,19,3,1.0,1.7264651787415692
883cf2c653fffff,20,1,3.0,3.0922734711491295
883cf2c653fffff,21,3,1.0,1.786375408336386
883cf2c653fffff,22,1,3.0,2.430439659811444
883cf2c653fffff,23,1,1.0,1.6904641836616734
883cf2c655fffff,1,6,4.0,4.050629364426424
883cf2c655fffff,2,8,6.0,5.15816309937053
883cf2c655fffff,3,3,8.0,3.979724331439114
883cf2c655fffff,4,7,3.0,2.953727740020185
883cf2c655fffff,5,3,7.0,3.278791558072131
883cf2c655fffff,6,5,3.0,2.8355322750364125
883cf2c655fffff,7,2,5.0,3.5133543751041514
883cf2c655fffff,8,1,2.0,1.7195193050681588
883cf2c655fffff,9,9,1.0,2.05258871986251
883cf2c655fffff,10,9,9.0,6.8388035714285715
883cf2c655fffff,11,6,9.0,4.069803571428571
883cf2c655fffff,12,4,6.0,3.4312822419147966
883cf2c655fffff,13,5,4.0,3.177365443900521
883cf2c655fffff,14,3,5.0,3.0496925424231396
883cf2c655fffff,15,6,3.0,3.2727864769650465
883cf2c655fffff,16,6,6.0,4.504909202982594
883cf2c655fffff,17,1,6.0,4.2438286645123515
883cf2c655fffff,18,5,1.0,1.7360804898026472
883cf2c655fffff,19,2,5.0,2.960711976324554
883cf2c655fffff,20,2,2.0,2.092369958426831
883cf2c655fffff,21,9,2.0,2.4207298880569628
883cf2c655fffff,22,3,9.0,4.151969161662709
883cf2c655fffff,23,5,3.0,2.335180769851905
883cf2c657fffff,1,4,6.0,6.251026014233446
883cf2c657fffff,2,2,4.0,3.8992713050451435
883cf2c657fffff,3,1,2.0,2.3321357362291413
883cf2c657fffff,4,2,1.0,1.8921783467513174
883cf2c657fffff,5,1,2.0,2.9324598063707255
883cf2c657fffff,6,2,1.0,1.8159445080693075
883cf2c657fffff,7,6,2.0,1.978624782051246
883cf2c657fffff,8,1,6.0,4.305234411565041
883cf2c657fffff,9,3,1.0,2.05258871986251
883cf2c657fffff,10,2,3.0,2.08589334508064
883cf2c657fffff,11,3,2.0,1.7768378576427262
883cf2c657fffff,12,3,3.0,3.66002592159274
883cf2c657fffff,13,1,3.0,2.837385066937705
883cf2c657fffff,14,5,1.0,1.3230644458245828
883cf2c657fffff,15,2,5.0,3.0242707163636315
883cf2c657fffff,16,5,2.0,2.4980290227074256
883cf2c657fffff,17,1,5.0,3.2128837471779383
883cf2c657fffff,18,3,1.0,1.7360804898026472
883cf2c657fffff,19,3,3.0,4.001401025862515
883cf2c657fffff,20,4,3.0,3.0922734711491295
883cf2c657fffff,21,2,4.0,3.505188734076357
883cf2c657fffff,22,7,2.0,2.696833773006008
883cf2c657fffff,23,1,7.0,3.202218253968254
883cf2c659fffff,1,1,1.0,2.016343321639584
883cf2c659fffff,2,2,1.0,2.0542198499133915
883cf2c659fffff,3,3,2.0,2.3321357362291413
883cf2c659fffff,4,1,3.0,2.953727740020185
883cf2c659fffff,5,2,1.0,1.8333699196700737
883cf2c659fffff,6,2,2.0,1.8390137418519552
883cf2c659fffff,7,3,2.0,1.978624782051246
883cf2c659fffff,8,2,3.0,3.418734485584541
883cf2c659fffff,9,1,2.0,1.9829284584696945
883cf2c659fffff,11,3,1.0,1.8432641783426655
883cf2c659fffff,12,3,3.0,3.66002592159274
883cf2c659fffff,13,3,3.0,2.837385066937705
883cf2c659fffff,15,1,3.0,3.2727864769650465
883cf2c659fffff,16,1,1.0,1.4481188156959135
883cf2c659fffff,17,4,1.0,1.5588887133550895
883cf2c659fffff,18,3,4.0,2.8089884390415976
883cf2c659fffff,19,2,3.0,4.001401025862515
883cf2c659fffff,20,4,2.0,2.092369958426831
883cf2c659fffff,21,3,4.0,3.505188734076357
883cf2c659fffff,22,2,3.0,2.430439659811444
883cf2c659fffff,23,1,2.0,2.8099842398801376
883cf2c65bfffff,1,2,1.0,2.016343321639584
883cf2c65bfffff,2,4,2.0,2.587526803648856
883cf2c65bfffff,3,2,4.0,3.746442361666709
883cf2c65bfffff,4,3,2.0,1.8395001227274532
883cf2c65bfffff,5,2,3.0,3.6767553462286076
883cf2c65bfffff,6,1,2.0,1.8390137418519552
883cf2c65bfffff,7,1,1.0,1.5820163008936619
883cf2c65bfffff,8,1,1.0,1.5867511892580282
883cf2c65bfffff,9,2,1.0,2.05258871986251
883cf2c65bfffff,10,1,2.0,2.301854345779299
883cf2c65bfffff,11,2,1.0,1.8432641783426655
883cf2c65bfffff,12,1,2.0,1.9754841942181303
883cf2c65bfffff,13,1,1.0,1.6011936831996763
883cf2c65bfffff,14,1,1.0,1.3230644458245828
883cf2c65bfffff,16,1,1.0,1.4481188156959135
883cf2c65bfffff,18,2,1.0,1.7360804898026472
883cf2c65bfffff,19,5,2.0,2.271181701606943
883cf2c65bfffff,20,2,5.0,3.782006356724409
883cf2c65bfffff,21,2,2.0,2.4207298880569628
883cf2c65bfffff,22,2,2.0,2.696833773006008
883cf2c65bfffff,23,2,2.0,2.8099842398801376
883cf2c65dfffff,1,5,1.0,2.016343321639584
883cf2c65dfffff,2,2,5.0,2.257747210306033
883cf2c65dfffff,3,4,2.0,2.3321357362291413
883cf2c65dfffff,4,4,4.0,3.7803419821700426
883cf2c65dfffff,5,1,4.0,2.5671681575856145
883cf2c65dfffff,6,1,1.0,1.8159445080693075
883cf2c65dfffff,7,5,1.0,1.5820163008936619
883cf2c65dfffff,8,4,5.0,4.444914151454803
883cf2c65dfffff,9,3,4.0,4.061840798149469
883cf2c65dfffff,10,1,3.0,2.08589334508064
883cf2c65dfffff,11,4,1.0,1.8432641783426655
883cf2c65dfffff,12,4,4.0,3.7900188239088886
883cf2c65dfffff,13,2,4.0,3.177365443900521
883cf2c65dfffff,14,3,2.0,2.5026994130701614
883cf2c65dfffff,15,7,3.0,3.2727864769650465
883cf2c65dfffff,17,1,7.0,6.008252952152813
883cf2c65dfffff,18,2,1.0,1.7360804898026472
883cf2c65dfffff,19,4,2.0,2.271181701606943
883cf2c65dfffff,20,6,4.0,4.0920772349090075
883cf2c65dfffff,21,6,6.0,4.211698932661345
883cf2c65dfffff,23,3,6.0,3.0974722222222226
883cf2c661fffff,1,3,2.0,2.711581784228843
883cf2c661fffff,2,6,3.0,3.137495470265734
883cf2c661fffff,3,3,6.0,3.6159426809001114
883cf2c661fffff,4,1,3.0,2.953727740020185
883cf2c661fffff,5,2,1.0,1.8333699196700737
883cf2c661fffff,6,1,2.0,1.8390137418519552
883cf2c661fffff,7,2,1.0,1.5820163008936619
883cf2c661fffff,8,4,2.0,1.7195193050681588
883cf2c661fffff,9,5,4.0,4.061840798149469
883cf2c661fffff,10,5,5.0,3.875461769585014
883cf2c661fffff,11,8,5.0,6.019775847738504
883cf2c661fffff,12,4,8.0,3.7956237925640095
883cf2c661fffff,13,4,4.0,3.177365443900521
883cf2c661fffff,15,2,4.0,3.105882634339343
883cf2c661fffff,16,4,2.0,2.4980290227074256
883cf2c661fffff,17,4,4.0,3.444753985341286
883cf2c661fffff,18,2,4.0,2.8089884390415976
883cf2c661fffff,19,1,2.0,2.271181701606943
883cf2c661fffff,20,2,1.0,1.6904704235561494
883cf2c661fffff,21,5,2.0,2.4207298880569628
883cf2c661fffff,22,7,5.0,5.4743006379585335
883cf2c661fffff,23,3,7.0,3.202218253968254
883cf2c663fffff,1,6,2.0,2.711581784228843
883cf2c663fffff,2,4,6.0,5.15816309937053
883cf2c663fffff,3,9,4.0,3.746442361666709
883cf2c663fffff,4,2,9.0,3.2561101031321624
883cf2c663fffff,5,2,2.0,2.9324598063707255
883cf2c663fffff,6,6,2.0,1.8390137418519552
883cf2c663fffff,7,5,6.0,3.6757156070159183
883cf2c663fffff,8,6,5.0,4.444914151454803
883cf2c663fffff,9,7,6.0,4.659049099800783
883cf2c663fffff,10,10,7.0,5.634566868581709
883cf2c663fffff,11,4,10.0,2.7716666666666665
883cf2c663fffff,12,7,4.0,3.7900188239088886
883cf2c663fffff,13,4,7.0,5.517873422264285
883cf2c663fffff,14,6,4.0,3.166743200726475
883cf2c663fffff,15,7,6.0,6.153156416865613
883cf2c663fffff,16,6,7.0,5.468139948054516
883cf2c663fffff,17,4,6.0,4.2438286645123515
883cf2c663fffff,18,3,4.0,2.8089884390415976
883cf2c663fffff,19,5,3.0,4.001401025862515
883cf2c663fffff,20,2,5.0,3.782006356724409
883cf2c663fffff,21,3,2.0,2.4207298880569628
883cf2c663fffff,22,5,3.0,2.430439659811444
883cf2c663fffff,23,8,5.0,5.395851925851926
883cf2c665fffff,1,1,3.0,3.395641414420886
883cf2c665fffff,3,5,1.0,2.1189142862763415
883cf2c665fffff,6,3,5.0,3.5379837685864857
883cf2c665fffff,8,3,3.0,3.418734485584541
883cf2c665fffff,9,1,3.0,2.643056563503087
883cf2c665fffff,10,1,1.0,1.620282373002724
883cf2c665fffff,11,1,1.0,1.8432641783426655
883cf2c665fffff,12,5,1.0,1.8874760274177234
883cf2c665fffff,13,1,5.0,3.7271640971154367
883cf2c665fffff,14,1,1.0,1.3230644458245828
883cf2c665fffff,15,2,1.0,1.814417963845606
883cf2c665fffff,16,2,2.0,2.4980290227074256
883cf2c665fffff,17,3,2.0,2.102539135797746
883cf2c665fffff,18,5,3.0,3.1996808067916374
883cf2c665fffff,19,1,5.0,2.960711976324554
883cf2c665fffff,20,3,1.0,1.6904704235561494
883cf2c665fffff,22,2,3.0,2.430439659811444
883cf2c665fffff,23,2,2.0,2.8099842398801376
883cf2c667fffff,1,2,2.0,2.711581784228843
883cf2c667fffff,2,3,2.0,2.587526803648856
883cf2c667fffff,3,4,3.0,3.1029635559425897
883cf2c667fffff,4,8,4.0,3.7803419821700426
883cf2c667fffff,5,4,8.0,3.55197616732253
883cf2c667fffff,6,5,4.0,3.9566167262957244
883cf2c667fffff,7,2,5.0,3.5133543751041514
883cf2c667fffff,8,3,2.0,1.7195193050681588
883cf2c667fffff,9,5,3.0,2.643056563503087
883cf2c667fffff,10,3,5.0,3.875461769585014
883cf2c667fffff,11,3,3.0,2.6305722336407706
883cf2c667fffff,12,5,3.0,3.66002592159274
883cf2c667fffff,13,3,5.0,3.7271640971154367
883cf2c667fffff,14,1,3.0,2.551157505163856
883cf2c667fffff,15,4,1.0,1.814417963845606
883cf2c667fffff,16,3,4.0,3.2881595227559357
883cf2c667fffff,17,7,3.0,2.487091532684977
883cf2c667fffff,18,3,7.0,4.920347191247054
883cf2c667fffff,19,8,3.0,4.001401025862515
883cf2c667fffff,20,3,8.0,3.724628446821994
883cf2c667fffff,21,3,3.0,2.035487005305199
883cf2c667fffff,22,1,3.0,2.430439659811444
883cf2c667fffff,23,4,1.0,1.6904641836616734
883cf2c669fffff,1,6,5.0,4.212492063492063
883cf2c669fffff,2,4,6.0,5.15816309937053
883cf2c669fffff,3,7,4.0,3.746442361666709
883cf2c669fffff,4,7,7.0,5.487842695531162
883cf2c669fffff,5,3,7.0,3.278791558072131
883cf2c669fffff,6,10,3.0,2.8355322750364125
883cf2c669fffff,7,3,10.0,2.7895
883cf2c669fffff,8,3,3.0,3.418734485584541
883cf2c669fffff,9,2,3.0,2.643056563503087
883cf2c669fffff,10,3,2.0,2.301854345779299
883cf2c669fffff,11,4,3.0,2.6305722336407706
883cf2c669fffff,12,6,4.0,3.7900188239088886
883cf2c669fffff,13,4,6.0,5.999833296213865
883cf2c669fffff,14,3,4.0,3.166743200726475
883cf2c669fffff,15,2,3.0,3.2727864769650465
883cf2c669fffff,16,6,2.0,2.4980290227074256
883cf2c669fffff,17,3,6.0,4.2438286645123515
883cf2c669fffff,18,3,3.0,3.1996808067916374
883cf2c669fffff,19,3,3.0,4.001401025862515
883cf2c669fffff,20,5,3.0,3.0922734711491295
883cf2c669fffff,21,3,5.0,4.524123148850412
883cf2c669fffff,22,2,3.0,2.430439659811444
883cf2c669fffff,23,3,2.0,2.8099842398801376
883cf2c66bfffff,1,4,7.0,4.0667933302507615
883cf2c66bfffff,2,3,4.0,3.8992713050451435
883cf2c66bfffff,3,5,3.0,3.1029635559425897
883cf2c66bfffff,4,4,5.0,2.261320867857633
883cf2c66bfffff,5,5,4.0,2.5671681575856145
883cf2c66bfffff,6,4,5.0,3.5379837685864857
883cf2c66bfffff,7,6,4.0,4.47258014359738
883cf2c66bfffff,8,5,6.0,4.305234411565041
883cf2c66bfffff,9,4,5.0,4.805428317198619
883cf2c66bfffff,10,5,4.0,4.132272728336836
883cf2c66bfffff,11,7,5.0,6.019775847738504
883cf2c66bfffff,12,6,7.0,4.211950871041089
883cf2c66bfffff,13,10,6.0,5.999833296213865
883cf2c66bfffff,14,2,10.0,2.927166666666667
883cf2c66bfffff,15,4,2.0,2.363969144396636
883cf2c66bfffff,16,8,4.0,3.2881595227559357
883cf2c66bfffff,17,4,8.0,4.262220484883693
883cf2c66bfffff,18,1,4.0,2.8089884390415976
883cf2c66bfffff,19,10,1.0,1.7264651787415692
883cf2c66bfffff,20,4,10.0,3.105301587301588
883cf2c66bfffff,21,4,4.0,3.505188734076357
883cf2c66bfffff,22,2,4.0,3.234542041553192
883cf2c66bfffff,23,5,2.0,2.8099842398801376
883cf2c66dfffff,1,3,3.0,3.395641414420886
883cf2c66dfffff,2,2,3.0,3.137495470265734
883cf2c66dfffff,3,1,2.0,2.3321357362291413
883cf2c66dfffff,4,3,1.0,1.8921783467513174
883cf2c66dfffff,5,3,3.0,3.6767553462286076
883cf2c66dfffff,6,4,3.0,2.8355322750364125
883cf2c66dfffff,7,3,4.0,4.47258014359738
883cf2c66dfffff,8,2,3.0,3.418734485584541
883cf2c66dfffff,9,3,2.0,1.9829284584696945
883cf2c66dfffff,10,2,3.0,2.08589334508064
883cf2c66dfffff,11,2,2.0,1.7768378576427262
883cf2c66dfffff,12,2,2.0,1.9754841942181303
883cf2c66dfffff,13,1,2.0,2.88013231257894
883cf2c66dfffff,14,1,1.0,1.3230644458245828
883cf2c66dfffff,15,5,1.0,1.814417963845606
883cf2c66dfffff,16,2,5.0,4.078789831036609
883cf2c66dfffff,17,1,2.0,2.102539135797746
883cf2c66dfffff,18,2,1.0,1.7360804898026472
883cf2c66dfffff,19,2,2.0,2.271181701606943
883cf2c66dfffff,20,3,2.0,2.092369958426831
883cf2c66dfffff,21,1,3.0,2.035487005305199
883cf2c66dfffff,22,2,1.0,1.6392652193104187
883cf2c66dfffff,23,5,2.0,2.8099842398801376
883cf2c6c1fffff,5,1,1.0,1.8333699196700737
883cf2c6c1fffff,11,2,1.0,1.8432641783426655
883cf2c6c5fffff,6,1,1.0,1.8159445080693075
883cf2c6c5fffff,7,1,1.0,1.5820163008936619
883cf2c6c5fffff,9,1,1.0,2.05258871986251
883cf2c6c5fffff,10,1,1.0,1.620282373002724
883cf2c6c5fffff,12,1,1.0,1.8874760274177234
883cf2c6c9fffff,13,2,1.0,1.6011936831996763
883cf2c6c9fffff,17,1,2.0,2.102539135797746
883cf2c6cdfffff,5,1,1.0,1.8333699196700737
883cf2c6cdfffff,7,1,1.0,1.5820163008936619
883cf2c6cdfffff,15,1,1.0,1.814417963845606
883cf2c6e5fffff,11,1,1.0,1.8432641783426655
883cf2c6e5fffff,13,1,1.0,1.6011936831996763
883cf2c6e5fffff,15,1,1.0,1.814417963845606
883cf2c6e5fffff,20,1,1.0,1.6904704235561494
883cf2c6e5fffff,22,1,1.0,1.6392652193104187
883cf2c6e9fffff,7,1,1.0,1.5820163008936619
883cf2c6e9fffff,14,1,1.0,1.3230644458245828
883cf2c6e9fffff,21,1,1.0,1.786375408336386
883cf2c6ebfffff,8,1,1.0,1.5867511892580282
883cf2c6ebfffff,10,1,1.0,1.620282373002724
883cf2c6ebfffff,12,1,1.0,1.8874760274177234
883cf2c6ebfffff,18,1,1.0,1.7360804898026472
883cf2c6edfffff,6,2,2.0,1.8390137418519552
883cf2c6edfffff,8,1,2.0,1.7195193050681588
883cf2c6edfffff,14,1,1.0,1.3230644458245828
883cf2c6edfffff,15,2,1.0,1.814417963845606
883cf2c6edfffff,16,1,2.0,2.4980290227074256
883cf2c6edfffff,18,1,1.0,1.7360804898026472
883cf2c6edfffff,21,1,1.0,1.786375408336386
883cf2c6edfffff,22,3,1.0,1.6392652193104187
883cf2c6edfffff,23,1,3.0,2.335180769851905
883cf2c701fffff,12,1,1.0,1.8874760274177234
883cf2c701fffff,16,1,1.0,1.4481188156959135
883cf2c701fffff,20,2,1.0,1.6904704235561494
883cf2c703fffff,10,1,1.0,1.620282373002724
883cf2c703fffff,14,1,1.0,1.3230644458245828
883cf2c70bfffff,21,1,1.0,1.786375408336386
883cf2c70dfffff,8,1,1.0,1.5867511892580282
883cf2c70dfffff,11,1,1.0,1.8432641783426655
883cf2c711fffff,4,1,1.0,1.8921783467513174
883cf2c711fffff,6,1,1.0,1.8159445080693075
883cf2c711fffff,10,1,1.0,1.620282373002724
883cf2c711fffff,18,1,1.0,1.7360804898026472
883cf2c713fffff,6,1,1.0,1.8159445080693075
883cf2c713fffff,8,1,1.0,1.5867511892580282
883cf2c713fffff,14,1,1.0,1.3230644458245828
883cf2c713fffff,15,1,1.0,1.814417963845606
883cf2c713fffff,16,1,1.0,1.4481188156959135
883cf2c713fffff,23,2,1.0,1.6904641836616734
883cf2c715fffff,11,2,1.0,1.8432641783426655
883cf2c717fffff,16,1,1.0,1.4481188156959135
883cf2c717fffff,17,1,1.0,1.5588887133550895
883cf2c719fffff,3,2,4.0,3.746442361666709
883cf2c719fffff,6,1,2.0,1.8390137418519552
883cf2c719fffff,7,1,1.0,1.5820163008936619
883cf2c719fffff,14,1,1.0,1.3230644458245828
883cf2c719fffff,17,1,1.0,1.5588887133550895
883cf2c719fffff,19,1,1.0,1.7264651787415692
883cf2c719fffff,21,1,1.0,1.786375408336386
883cf2c719fffff,23,1,1.0,1.6904641836616734
883cf2c71bfffff,1,1,1.0,2.016343321639584
883cf2c71bfffff,3,2,1.0,2.1189142862763415
883cf2c71bfffff,4,1,2.0,1.8395001227274532
883cf2c71bfffff,5,1,1.0,1.8333699196700737
883cf2c71bfffff,6,1,1.0,1.8159445080693075
883cf2c71bfffff,8,1,1.0,1.5867511892580282
883cf2c71bfffff,12,2,1.0,1.8874760274177234
883cf2c71bfffff,19,1,2.0,2.271181701606943
883cf2c71bfffff,21,3,1.0,1.786375408336386
883cf2c71bfffff,23,1,3.0,2.335180769851905
883cf2c71dfffff,6,1,1.0,1.8159445080693075
883cf2c71dfffff,9,1,1.0,2.05258871986251
883cf2c71dfffff,10,1,1.0,1.620282373002724
883cf2c71dfffff,12,1,1.0,1.8874760274177234
883cf2c71dfffff,14,1,1.0,1.3230644458245828
883cf2c71dfffff,15,1,1.0,1.814417963845606
883cf2c71dfffff,22,1,1.0,1.6392652193104187
883cf2c741fffff,21,1,2.0,2.4207298880569628
883cf2c741fffff,23,1,1.0,1.6904641836616734
883cf2c743fffff,8,1,1.0,1.5867511892580282
883cf2c743fffff,17,1,1.0,1.5588887133550895
883cf2c743fffff,20,1,1.0,1.6904704235561494
883cf2c747fffff,21,1,1.0,1.786375408336386
883cf2c74bfffff,19,1,1.0,1.7264651787415692
883cf2c751fffff,1,2,1.0,2.016343321639584
883cf2c751fffff,2,1,2.0,2.587526803648856
883cf2c751fffff,4,3,1.0,1.8921783467513174
883cf2c751fffff,6,2,3.0,2.8355322750364125
883cf2c751fffff,8,2,2.0,1.7195193050681588
883cf2c751fffff,9,1,2.0,1.9829284584696945
883cf2c751fffff,10,3,1.0,1.620282373002724
883cf2c751fffff,11,1,3.0,2.6305722336407706
883cf2c751fffff,12,1,1.0,1.8874760274177234
883cf2c751fffff,13,1,1.0,1.6011936831996763
883cf2c751fffff,15,1,1.0,1.814417963845606
883cf2c751fffff,17,1,1.0,1.5588887133550895
883cf2c751fffff,19,1,1.0,1.7264651787415692
883cf2c751fffff,22,1,1.0,1.6392652193104187
883cf2c751fffff,23,1,1.0,1.6904641836616734
883cf2c753fffff,3,2,1.0,2.1189142862763415
883cf2c753fffff,4,1,2.0,1.8395001227274532
883cf2c753fffff,5,2,1.0,1.8333699196700737
883cf2c753fffff,6,2,2.0,1.8390137418519552
883cf2c753fffff,8,2,2.0,1.7195193050681588
883cf2c753fffff,9,1,2.0,1.9829284584696945
883cf2c753fffff,14,1,1.0,1.3230644458245828
883cf2c753fffff,15,1,1.0,1.814417963845606
883cf2c753fffff,17,1,1.0,1.5588887133550895
883cf2c753fffff,18,1,1.0,1.7360804898026472
883cf2c753fffff,19,1,1.0,1.7264651787415692
883cf2c753fffff,21,2,1.0,1.786375408336386
883cf2c753fffff,22,1,2.0,2.696833773006008
883cf2c755fffff,16,1,1.0,1.4481188156959135
883cf2c755fffff,22,1,1.0,1.6392652193104187
883cf2c755fffff,23,1,1.0,1.6904641836616734
883cf2c757fffff,2,1,1.0,2.0542198499133915
883cf2c757fffff,3,2,1.0,2.1189142862763415
883cf2c757fffff,6,1,2.0,1.8390137418519552
883cf2c757fffff,8,1,1.0,1.5867511892580282
883cf2c757fffff,9,1,1.0,2.05258871986251
883cf2c757fffff,10,2,1.0,1.620282373002724
883cf2c757fffff,12,3,2.0,1.9754841942181303
883cf2c757fffff,15,1,3.0,3.2727864769650465
883cf2c757fffff,17,1,1.0,1.5588887133550895
883cf2c757fffff,19,1,1.0,1.7264651787415692
883cf2c757fffff,20,1,1.0,1.6904704235561494
883cf2c757fffff,21,1,1.0,1.786375408336386
883cf2c757fffff,23,1,1.0,1.6904641836616734
883cf2c759fffff,1,3,1.0,2.016343321639584
883cf2c759fffff,2,1,3.0,3.137495470265734
883cf2c759fffff,3,1,1.0,2.1189142862763415
883cf2c759fffff,4,1,1.0,1.8921783467513174
883cf2c759fffff,6,3,1.0,1.8159445080693075
883cf2c759fffff,7,1,3.0,2.973869987150306
883cf2c759fffff,10,1,1.0,1.620282373002724
883cf2c759fffff,11,1,1.0,1.8432641783426655
883cf2c759fffff,12,1,1.0,1.8874760274177234
883cf2c759fffff,14,2,1.0,1.3230644458245828
883cf2c759fffff,15,1,2.0,2.363969144396636
883cf2c759fffff,16,4,1.0,1.4481188156959135
883cf2c759fffff,17,2,4.0,3.444753985341286
883cf2c759fffff,18,1,2.0,1.5402494213401914
883cf2c759fffff,19,1,1.0,1.7264651787415692
883cf2c759fffff,20,4,1.0,1.6904704235561494
883cf2c759fffff,21,2,4.0,3.505188734076357
883cf2c759fffff,23,4,2.0,2.8099842398801376
883cf2c75bfffff,1,2,1.0,2.016343321639584
883cf2c75bfffff,2,2,2.0,2.587526803648856
883cf2c75bfffff,3,1,2.0,2.3321357362291413
883cf2c75bfffff,4,3,1.0,1.8921783467513174
883cf2c75bfffff,6,2,3.0,2.8355322750364125
883cf2c75bfffff,8,3,2.0,1.7195193050681588
883cf2c75bfffff,10,3,3.0,2.08589334508064
883cf2c75bfffff,11,1,3.0,2.6305722336407706
883cf2c75bfffff,12,1,1.0,1.8874760274177234
883cf2c75bfffff,13,2,1.0,1.6011936831996763
883cf2c75bfffff,14,5,2.0,2.5026994130701614
883cf2c75bfffff,15,4,5.0,3.0242707163636315
883cf2c75bfffff,16,4,4.0,3.2881595227559357
883cf2c75bfffff,17,5,4.0,3.444753985341286
883cf2c75bfffff,18,1,5.0,3.3627327549436217
883cf2c75bfffff,19,2,1.0,1.7264651787415692
883cf2c75bfffff,20,1,2.0,2.092369958426831
883cf2c75bfffff,21,1,1.0,1.786375408336386
883cf2c75bfffff,22,2,1.0,1.6392652193104187
883cf2c75bfffff,23,4,2.0,2.8099842398801376
883cf2c75dfffff,2,1,1.0,2.0542198499133915
883cf2c75dfffff,4,1,1.0,1.8921783467513174
883cf2c75dfffff,8,1,1.0,1.5867511892580282
883cf2c75dfffff,12,1,1.0,1.8874760274177234
883cf2c75dfffff,13,1,1.0,1.6011936831996763
883cf2c75dfffff,15,1,1.0,1.814417963845606
883cf2c75dfffff,22,1,1.0,1.6392652193104187
883cf2d433fffff,15,1,1.0,1.814417963845606
883cf2d481fffff,3,2,1.0,2.1189142862763415
883cf2d481fffff,7,1,2.0,1.978624782051246
883cf2d481fffff,11,1,1.0,1.8432641783426655
883cf2d481fffff,14,1,1.0,1.3230644458245828
883cf2d481fffff,15,1,1.0,1.814417963845606
883cf2d481fffff,20,1,1.0,1.6904704235561494
883cf2d481fffff,22,2,1.0,1.6392652193104187
883cf2d483fffff,8,1,1.0,1.5867511892580282
883cf2d483fffff,10,2,1.0,1.620282373002724
883cf2d483fffff,11,1,2.0,1.7768378576427262
883cf2d483fffff,12,1,1.0,1.8874760274177234
883cf2d483fffff,20,1,1.0,1.6904704235561494
883cf2d483fffff,23,1,1.0,1.6904641836616734
883cf2d485fffff,8,1,1.0,1.5867511892580282
883cf2d485fffff,15,1,1.0,1.814417963845606
883cf2d485fffff,16,1,1.0,1.4481188156959135
883cf2d485fffff,20,1,1.0,1.6904704235561494
883cf2d485fffff,22,1,1.0,1.6392652193104187
883cf2d487fffff,4,1,1.0,1.8921783467513174
883cf2d487fffff,8,1,1.0,1.5867511892580282
883cf2d487fffff,10,2,1.0,1.620282373002724
883cf2d487fffff,12,3,2.0,1.9754841942181303
883cf2d487fffff,13,1,3.0,2.837385066937705
883cf2d487fffff,14,2,1.0,1.3230644458245828
883cf2d487fffff,16,2,2.0,2.4980290227074256
883cf2d487fffff,17,1,2.0,2.102539135797746
883cf2d487fffff,18,1,1.0,1.7360804898026472
883cf2d487fffff,19,1,1.0,1.7264651787415692
883cf2d487fffff,20,1,1.0,1.6904704235561494
883cf2d487fffff,22,1,1.0,1.6392652193104187
883cf2d48bfffff,12,1,1.0,1.8874760274177234
883cf2d48bfffff,23,1,1.0,1.6904641836616734
883cf2d491fffff,18,1,1.0,1.7360804898026472
883cf2d491fffff,19,1,1.0,1.7264651787415692
883cf2d495fffff,7,1,1.0,1.5820163008936619
883cf2d495fffff,20,1,1.0,1.6904704235561494
883cf2d495fffff,22,1,1.0,1.6392652193104187
883cf2d497fffff,7,1,1.0,1.5820163008936619
883cf2d497fffff,12,1,1.0,1.8874760274177234
883cf2d497fffff,13,1,1.0,1.6011936831996763
883cf2d497fffff,14,2,1.0,1.3230644458245828
883cf2d497fffff,19,1,2.0,2.271181701606943
883cf2d499fffff,14,1,1.0,1.3230644458245828
883cf2d499fffff,16,1,1.0,1.4481188156959135
883cf2d499fffff,22,1,1.0,1.6392652193104187
883cf2d49dfffff,18,1,1.0,1.7360804898026472
883cf2d4a1fffff,1,2,1.0,2.016343321639584
883cf2d4a1fffff,2,1,2.0,2.587526803648856
883cf2d4a1fffff,3,2,1.0,2.1189142862763415
883cf2d4a1fffff,4,2,2.0,1.8395001227274532
883cf2d4a1fffff,5,1,2.0,2.9324598063707255
883cf2d4a1fffff,6,1,1.0,1.8159445080693075
883cf2d4a1fffff,7,1,1.0,1.5820163008936619
883cf2d4a1fffff,8,1,1.0,1.5867511892580282
883cf2d4a1fffff,9,1,1.0,2.05258871986251
883cf2d4a1fffff,10,2,1.0,1.620282373002724
883cf2d4a1fffff,13,2,2.0,2.88013231257894
883cf2d4a1fffff,14,2,2.0,2.5026994130701614
883cf2d4a1fffff,15,1,2.0,2.363969144396636
883cf2d4a1fffff,16,1,1.0,1.4481188156959135
883cf2d4a1fffff,19,2,1.0,1.7264651787415692
883cf2d4a3fffff,1,2,5.0,4.212492063492063
883cf2d4a3fffff,2,1,2.0,2.587526803648856
883cf2d4a3fffff,3,2,1.0,2.1189142862763415
883cf2d4a3fffff,4,1,2.0,1.8395001227274532
883cf2d4a3fffff,5,4,1.0,1.8333699196700737
883cf2d4a3fffff,6,3,4.0,3.9566167262957244
883cf2d4a3fffff,7,3,3.0,2.973869987150306
883cf2d4a3fffff,8,2,3.0,3.418734485584541
883cf2d4a3fffff,9,2,2.0,1.9829284584696945
883cf2d4a3fffff,10,1,2.0,2.301854345779299
883cf2d4a3fffff,11,1,1.0,1.8432641783426655
883cf2d4a3fffff,12,2,1.0,1.8874760274177234
883cf2d4a3fffff,14,1,2.0,2.5026994130701614
883cf2d4a3fffff,15,2,1.0,1.814417963845606
883cf2d4a3fffff,17,1,2.0,2.102539135797746
883cf2d4a3fffff,18,2,1.0,1.7360804898026472
883cf2d4a3fffff,19,5,2.0,2.271181701606943
883cf2d4a3fffff,20,3,5.0,3.782006356724409
883cf2d4a3fffff,21,1,3.0,2.035487005305199
883cf2d4a3fffff,22,1,1.0,1.6392652193104187
883cf2d4a3fffff,23,3,1.0,1.6904641836616734
883cf2d4a5fffff,2,2,3.0,3.137495470265734
883cf2d4a5fffff,4,2,2.0,1.8395001227274532
883cf2d4a5fffff,5,3,2.0,2.9324598063707255
883cf2d4a5fffff,6,2,3.0,2.8355322750364125
883cf2d4a5fffff,7,2,2.0,1.978624782051246
883cf2d4a5fffff,9,2,2.0,1.9829284584696945
883cf2d4a5fffff,10,3,2.0,2.301854345779299
883cf2d4a5fffff,11,2,3.0,2.6305722336407706
883cf2d4a5fffff,13,6,2.0,2.88013231257894
883cf2d4a5fffff,16,2,6.0,4.504909202982594
883cf2d4a5fffff,19,2,2.0,2.271181701606943
883cf2d4a5fffff,20,2,2.0,2.092369958426831
883cf2d4a5fffff,21,1,2.0,2.4207298880569628
883cf2d4a5fffff,22,2,1.0,1.6392652193104187
883cf2d4a7fffff,1,1,2.0,2.711581784228843
883cf2d4a7fffff,2,5,1.0,2.0542198499133915
883cf2d4a7fffff,3,3,5.0,2.7541495302083523
883cf2d4a7fffff,4,1,3.0,2.953727740020185
883cf2d4a7fffff,5,3,1.0,1.8333699196700737
883cf2d4a7fffff,6,1,3.0,2.8355322750364125
883cf2d4a7fffff,7,3,1.0,1.5820163008936619
883cf2d4a7fffff,8,4,3.0,3.418734485584541
883cf2d4a7fffff,9,4,4.0,4.061840798149469
883cf2d4a7fffff,11,3,4.0,3.2694865322185875
883cf2d4a7fffff,12,2,3.0,3.66002592159274
883cf2d4a7fffff,13,4,2.0,2.88013231257894
883cf2d4a7fffff,14,2,4.0,3.166743200726475
883cf2d4a7fffff,15,4,2.0,2.363969144396636
883cf2d4a7fffff,16,1,4.0,3.2881595227559357
883cf2d4a7fffff,17,1,1.0,1.5588887133550895
883cf2d4a7fffff,18,1,1.0,1.7360804898026472
883cf2d4a7fffff,19,1,1.0,1.7264651787415692
883cf2d4a7fffff,20,3,1.0,1.6904704235561494
883cf2d4a7fffff,21,3,3.0,2.035487005305199
883cf2d4a7fffff,22,2,3.0,2.430439659811444
883cf2d4a7fffff,23,2,2.0,2.8099842398801376
883cf2d4a9fffff,5,1,2.0,2.9324598063707255
883cf2d4a9fffff,7,1,1.0,1.5820163008936619
883cf2d4a9fffff,8,1,1.0,1.5867511892580282
883cf2d4a9fffff,9,2,1.0,2.05258871986251
883cf2d4a9fffff,10,1,2.0,2.301854345779299
883cf2d4a9fffff,14,1,1.0,1.3230644458245828
883cf2d4a9fffff,17,1,1.0,1.5588887133550895
883cf2d4a9fffff,21,1,1.0,1.786375408336386
883cf2d4abfffff,1,3,1.0,2.016343321639584
883cf2d4abfffff,3,1,3.0,3.1029635559425897
883cf2d4abfffff,4,1,1.0,1.8921783467513174
883cf2d4abfffff,5,2,1.0,1.8333699196700737
883cf2d4abfffff,6,1,2.0,1.8390137418519552
883cf2d4abfffff,8,2,1.0,1.5867511892580282
883cf2d4abfffff,9,2,2.0,1.9829284584696945
883cf2d4abfffff,10,1,2.0,2.301854345779299
883cf2d4abfffff,11,2,1.0,1.8432641783426655
883cf2d4abfffff,14,1,2.0,2.5026994130701614
883cf2d4abfffff,15,1,1.0,1.814417963845606
883cf2d4abfffff,17,2,1.0,1.5588887133550895
883cf2d4abfffff,19,1,2.0,2.271181701606943
883cf2d4abfffff,20,2,1.0,1.6904704235561494
883cf2d4abfffff,21,1,2.0,2.4207298880569628
883cf2d4abfffff,23,2,1.0,1.6904641836616734
883cf2d4adfffff,5,1,1.0,1.8333699196700737
883cf2d4adfffff,7,1,1.0,1.5820163008936619
883cf2d4adfffff,8,3,1.0,1.5867511892580282
883cf2d4adfffff,9,1,3.0,2.643056563503087
883cf2d4adfffff,10,1,1.0,1.620282373002724
883cf2d4adfffff,12,1,1.0,1.8874760274177234
883cf2d4adfffff,16,1,1.0,1.4481188156959135
883cf2d4adfffff,17,1,1.0,1.5588887133550895
883cf2d4adfffff,20,1,1.0,1.6904704235561494
883cf2d4adfffff,23,2,1.0,1.6904641836616734
883cf2d4b1fffff,2,3,2.0,2.587526803648856
883cf2d4b1fffff,3,4,3.0,3.1029635559425897
883cf2d4b1fffff,5,3,4.0,2.5671681575856145
883cf2d4b1fffff,6,2,3.0,2.8355322750364125
883cf2d4b1fffff,7,1,2.0,1.978624782051246
883cf2d4b1fffff,8,2,1.0,1.5867511892580282
883cf2d4b1fffff,10,2,2.0,2.301854345779299
883cf2d4b1fffff,11,1,2.0,1.7768378576427262
883cf2d4b1fffff,12,2,1.0,1.8874760274177234
883cf2d4b1fffff,13,2,2.0,2.88013231257894
883cf2d4b1fffff,14,4,2.0,2.5026994130701614
883cf2d4b1fffff,15,2,4.0,3.105882634339343
883cf2d4b1fffff,17,5,2.0,2.102539135797746
883cf2d4b1fffff,19,1,5.0,2.960711976324554
883cf2d4b1fffff,20,2,1.0,1.6904704235561494
883cf2d4b1fffff,21,2,2.0,2.4207298880569628
883cf2d4b1fffff,22,3,2.0,2.696833773006008
883cf2d4b3fffff,1,3,2.0,2.711581784228843
883cf2d4b3fffff,2,3,3.0,3.137495470265734
883cf2d4b3fffff,3,2,3.0,3.1029635559425897
883cf2d4b3fffff,4,2,2.0,1.8395001227274532
883cf2d4b3fffff,5,2,2.0,2.9324598063707255
883cf2d4b3fffff,6,2,2.0,1.8390137418519552
883cf2d4b3fffff,8,3,2.0,1.7195193050681588
883cf2d4b3fffff,10,1,3.0,2.08589334508064
883cf2d4b3fffff,11,1,1.0,1.8432641783426655
883cf2d4b3fffff,12,1,1.0,1.8874760274177234
883cf2d4b3fffff,15,2,1.0,1.814417963845606
883cf2d4b3fffff,17,1,2.0,2.102539135797746
883cf2d4b3fffff,18,4,1.0,1.7360804898026472
883cf2d4b3fffff,19,1,4.0,2.791921121105076
883cf2d4b3fffff,20,3,1.0,1.6904704235561494
883cf2d4b3fffff,21,2,3.0,2.035487005305199
883cf2d4b5fffff,1,2,4.0,4.050629364426424
883cf2d4b5fffff,2,4,2.0,2.587526803648856
883cf2d4b5fffff,3,1,4.0,3.746442361666709
883cf2d4b5fffff,4,4,1.0,1.8921783467513174
883cf2d4b5fffff,5,2,4.0,2.5671681575856145
883cf2d4b5fffff,6,1,2.0,1.8390137418519552
883cf2d4b5fffff,7,3,1.0,1.5820163008936619
883cf2d4b5fffff,9,6,3.0,2.643056563503087
883cf2d4b5fffff,10,1,6.0,3.955931436762067
883cf2d4b5fffff,11,2,1.0,1.8432641783426655
883cf2d4b5fffff,13,2,2.0,2.88013231257894
883cf2d4b5fffff,14,5,2.0,2.5026994130701614
883cf2d4b5fffff,15,1,5.0,3.0242707163636315
883cf2d4b5fffff,16,1,1.0,1.4481188156959135
883cf2d4b5fffff,17,2,1.0,1.5588887133550895
883cf2d4b5fffff,18,3,2.0,1.5402494213401914
883cf2d4b5fffff,19,3,3.0,4.001401025862515
883cf2d4b5fffff,20,2,3.0,3.0922734711491295
883cf2d4b5fffff,21,2,2.0,2.4207298880569628
883cf2d4b5fffff,22,2,2.0,2.696833773006008
883cf2d4b5fffff,23,3,2.0,2.8099842398801376
883cf2d4b7fffff,1,3,2.0,2.711581784228843
883cf2d4b7fffff,2,4,3.0,3.137495470265734
883cf2d4b7fffff,3,2,4.0,3.746442361666709
883cf2d4b7fffff,4,2,2.0,1.8395001227274532
883cf2d4b7fffff,5,8,2.0,2.9324598063707255
883cf2d4b7fffff,6,3,8.0,3.6623463230920668
883cf2d4b7fffff,7,2,3.0,2.973869987150306
883cf2d4b7fffff,9,1,2.0,1.9829284584696945
883cf2d4b7fffff,10,4,1.0,1.620282373002724
883cf2d4b7fffff,11,2,4.0,3.2694865322185875
883cf2d4b7fffff,12,2,2.0,1.9754841942181303
883cf2d4b7fffff,13,5,2.0,2.88013231257894
883cf2d4b7fffff,14,2,5.0,3.0496925424231396
883cf2d4b7fffff,15,1,2.0,2.363969144396636
883cf2d4b7fffff,16,3,1.0,1.4481188156959135
883cf2d4b7fffff,17,2,3.0,2.487091532684977
883cf2d4b7fffff,18,1,2.0,1.5402494213401914
883cf2d4b7fffff,19,3,1.0,1.7264651787415692
883cf2d4b7fffff,20,5,3.0,3.0922734711491295
883cf2d4b7fffff,21,4,5.0,4.524123148850412
883cf2d4b7fffff,22,1,4.0,3.234542041553192
883cf2d4b7fffff,23,2,1.0,1.6904641836616734
883cf2d4b9fffff,7,1,2.0,1.978624782051246
883cf2d4b9fffff,11,3,1.0,1.8432641783426655
883cf2d4b9fffff,14,1,3.0,2.551157505163856
883cf2d4b9fffff,16,1,1.0,1.4481188156959135
883cf2d4b9fffff,17,1,1.0,1.5588887133550895
883cf2d4b9fffff,18,2,1.0,1.7360804898026472
883cf2d4b9fffff,19,1,2.0,2.271181701606943
883cf2d4b9fffff,20,2,1.0,1.6904704235561494
883cf2d4b9fffff,21,1,2.0,2.4207298880569628
883cf2d4b9fffff,23,1,1.0,1.6904641836616734
883cf2d4bbfffff,2,2,2.0,2.587526803648856
883cf2d4bbfffff,5,1,2.0,2.9324598063707255
883cf2d4bbfffff,6,1,1.0,1.8159445080693075
883cf2d4bbfffff,7,2,1.0,1.5820163008936619
883cf2d4bbfffff,8,1,2.0,1.7195193050681588
883cf2d4bbfffff,9,2,1.0,2.05258871986251
883cf2d4bbfffff,11,2,2.0,1.7768378576427262
883cf2d4bbfffff,12,3,2.0,1.9754841942181303
883cf2d4bbfffff,13,2,3.0,2.837385066937705
883cf2d4bbfffff,15,1,2.0,2.363969144396636
883cf2d4bbfffff,16,1,1.0,1.4481188156959135
883cf2d4bbfffff,17,1,1.0,1.5588887133550895
883cf2d4bbfffff,18,1,1.0,1.7360804898026472
883cf2d4bbfffff,19,2,1.0,1.7264651787415692
883cf2d4bbfffff,20,1,2.0,2.092369958426831
883cf2d4bbfffff,21,1,1.0,1.786375408336386
883cf2d4bbfffff,23,2,1.0,1.6904641836616734
883cf2d4bdfffff,2,1,2.0,2.587526803648856
883cf2d4bdfffff,5,1,1.0,1.8333699196700737
883cf2d4bdfffff,6,3,1.0,1.8159445080693075
883cf2d4bdfffff,9,2,3.0,2.643056563503087
883cf2d4bdfffff,10,3,2.0,2.301854345779299
883cf2d4bdfffff,11,2,3.0,2.6305722336407706
883cf2d4bdfffff,12,2,2.0,1.9754841942181303
883cf2d4bdfffff,15,2,2.0,2.363969144396636
883cf2d4bdfffff,17,3,2.0,2.102539135797746
883cf2d4bdfffff,18,2,3.0,3.1996808067916374
883cf2d4bdfffff,19,1,2.0,2.271181701606943
883cf2d4bdfffff,20,1,1.0,1.6904704235561494
883cf2d4bdfffff,21,1,1.0,1.786375408336386
883cf2d4bdfffff,22,1,1.0,1.6392652193104187
883cf2d4bdfffff,23,1,1.0,1.6904641836616734
883cf2d4e1fffff,23,1,1.0,1.6904641836616734
883cf2d4e3fffff,4,1,1.0,1.8921783467513174
883cf2d4e3fffff,7,1,1.0,1.5820163008936619
883cf2d4e3fffff,11,1,1.0,1.8432641783426655
883cf2d4e3fffff,17,1,1.0,1.5588887133550895
883cf2d4e3fffff,18,1,1.0,1.7360804898026472
883cf2d4e7fffff,3,1,1.0,2.1189142862763415
883cf2d4e7fffff,10,1,1.0,1.620282373002724
883cf2d4e7fffff,12,1,1.0,1.8874760274177234
883cf2d4e7fffff,15,1,1.0,1.814417963845606
883cf2d4e7fffff,21,1,1.0,1.786375408336386
883cf2d4e9fffff,17,1,1.0,1.5588887133550895
883cf2d581fffff,13,1,1.0,1.6011936831996763
883cf2d583fffff,6,1,2.0,1.8390137418519552
883cf2d583fffff,7,1,1.0,1.5820163008936619
883cf2d583fffff,14,1,1.0,1.3230644458245828
883cf2d583fffff,22,1,1.0,1.6392652193104187
883cf2d587fffff,6,1,1.0,1.8159445080693075
883cf2d587fffff,9,1,1.0,2.05258871986251
883cf2d587fffff,12,1,1.0,1.8874760274177234
883cf2d587fffff,23,1,1.0,1.6904641836616734
883cf2d58bfffff,5,1,1.0,1.8333699196700737
883cf2d58bfffff,8,1,1.0,1.5867511892580282
883cf2d58bfffff,12,1,1.0,1.8874760274177234
883cf2d58bfffff,15,1,1.0,1.814417963845606
883cf2d58bfffff,21,1,1.0,1.786375408336386
883cf2d591fffff,1,3,2.0,2.711581784228843
883cf2d591fffff,4,1,3.0,2.953727740020185
883cf2d591fffff,6,2,1.0,1.8159445080693075
883cf2d591fffff,7,2,2.0,1.978624782051246
883cf2d591fffff,8,1,2.0,1.7195193050681588
883cf2d591fffff,9,1,1.0,2.05258871986251
883cf2d591fffff,10,3,1.0,1.620282373002724
883cf2d591fffff,11,1,3.0,2.6305722336407706
883cf2d591fffff,12,4,1.0,1.8874760274177234
883cf2d591fffff,13,2,4.0,3.177365443900521
883cf2d591fffff,14,3,2.0,2.5026994130701614
883cf2d591fffff,15,3,3.0,3.2727864769650465
883cf2d591fffff,16,2,3.0,2.9783856011875995
883cf2d591fffff,17,3,2.0,2.102539135797746
883cf2d591fffff,19,2,3.0,4.001401025862515
883cf2d591fffff,20,3,2.0,2.092369958426831
883cf2d591fffff,21,1,3.0,2.035487005305199
883cf2d591fffff,22,3,1.0,1.6392652193104187
883cf2d591fffff,23,2,3.0,2.335180769851905
883cf2d593fffff,1,5,4.0,4.050629364426424
883cf2d593fffff,2,2,5.0,2.257747210306033
883cf2d593fffff,3,7,2.0,2.3321357362291413
883cf2d593fffff,4,5,7.0,5.487842695531162
883cf2d593fffff,5,3,5.0,2.4967602813852814
883cf2d593fffff,6,1,3.0,2.8355322750364125
883cf2d593fffff,8,2,1.0,1.5867511892580282
883cf2d593fffff,9,3,2.0,1.9829284584696945
883cf2d593fffff,10,2,3.0,2.08589334508064
883cf2d593fffff,11,3,2.0,1.7768378576427262
883cf2d593fffff,12,3,3.0,3.66002592159274
883cf2d593fffff,13,3,3.0,2.837385066937705
883cf2d593fffff,14,6,3.0,2.551157505163856
883cf2d593fffff,15,2,6.0,6.153156416865613
883cf2d593fffff,16,2,2.0,2.4980290227074256
883cf2d593fffff,17,3,2.0,2.102539135797746
883cf2d593fffff,18,3,3.0,3.1996808067916374
883cf2d593fffff,19,4,3.0,4.001401025862515
883cf2d593fffff,20,5,4.0,4.0920772349090075
883cf2d593fffff,21,5,5.0,4.524123148850412
883cf2d593fffff,22,3,5.0,5.4743006379585335
883cf2d593fffff,23,5,3.0,2.335180769851905
883cf2d595fffff,1,2,4.0,4.050629364426424
883cf2d595fffff,2,1,2.0,2.587526803648856
883cf2d595fffff,4,1,1.0,1.8921783467513174
883cf2d595fffff,8,3,1.0,1.5867511892580282
883cf2d595fffff,9,2,3.0,2.643056563503087
883cf2d595fffff,11,2,2.0,1.7768378576427262
883cf2d595fffff,14,1,2.0,2.5026994130701614
883cf2d595fffff,15,3,1.0,1.814417963845606
883cf2d595fffff,17,1,3.0,2.487091532684977
883cf2d595fffff,18,1,1.0,1.7360804898026472
883cf2d595fffff,20,1,1.0,1.6904704235561494
883cf2d595fffff,21,2,1.0,1.786375408336386
883cf2d595fffff,22,4,2.0,2.696833773006008
883cf2d595fffff,23,1,4.0,2.3476156394394168
883cf2d597fffff,1,1,1.0,2.016343321639584
883cf2d597fffff,2,3,1.0,2.0542198499133915
883cf2d597fffff,3,2,3.0,3.1029635559425897
883cf2d597fffff,4,1,2.0,1.8395001227274532
883cf2d597fffff,5,2,1.0,1.8333699196700737
883cf2d597fffff,6,3,2.0,1.8390137418519552
883cf2d597fffff,7,5,3.0,2.973869987150306
883cf2d597fffff,8,1,5.0,4.444914151454803
883cf2d597fffff,9,1,1.0,2.05258871986251
883cf2d597fffff,10,1,1.0,1.620282373002724
883cf2d597fffff,11,3,1.0,1.8432641783426655
883cf2d597fffff,12,1,3.0,3.66002592159274
883cf2d597fffff,13,3,1.0,1.6011936831996763
883cf2d597fffff,14,1,3.0,2.551157505163856
883cf2d597fffff,15,2,1.0,1.814417963845606
883cf2d597fffff,16,3,2.0,2.4980290227074256
883cf2d597fffff,17,1,3.0,2.487091532684977
883cf2d597fffff,18,4,1.0,1.7360804898026472
883cf2d597fffff,19,3,4.0,2.791921121105076
883cf2d597fffff,20,2,3.0,3.0922734711491295
883cf2d597fffff,21,4,2.0,2.4207298880569628
883cf2d597fffff,22,1,4.0,3.234542041553192
883cf2d597fffff,23,2,1.0,1.6904641836616734
883cf2d599fffff,2,3,2.0,2.587526803648856
883cf2d599fffff,3,1,3.0,3.1029635559425897
883cf2d599fffff,5,3,1.0,1.8333699196700737
883cf2d599fffff,6,1,3.0,2.8355322750364125
883cf2d599fffff,7,2,1.0,1.5820163008936619
883cf2d599fffff,9,2,2.0,1.9829284584696945
883cf2d599fffff,10,2,2.0,2.301854345779299
883cf2d599fffff,11,1,2.0,1.7768378576427262
883cf2d599fffff,12,2,1.0,1.8874760274177234
883cf2d599fffff,13,3,2.0,2.88013231257894
883cf2d599fffff,15,2,3.0,3.2727864769650465
883cf2d599fffff,16,2,2.0,2.4980290227074256
883cf2d599fffff,18,1,2.0,1.5402494213401914
883cf2d599fffff,19,1,1.0,1.7264651787415692
883cf2d599fffff,20,1,1.0,1.6904704235561494
883cf2d599fffff,21,4,1.0,1.786375408336386
883cf2d599fffff,22,2,4.0,3.234542041553192
883cf2d599fffff,23,1,2.0,2.8099842398801376
883cf2d59bfffff,1,3,2.0,2.711581784228843
883cf2d59bfffff,2,1,3.0,3.137495470265734
883cf2d59bfffff,3,2,1.0,2.1189142862763415
883cf2d59bfffff,4,3,2.0,1.8395001227274532
883cf2d59bfffff,5,3,3.0,3.6767553462286076
883cf2d59bfffff,6,4,3.0,2.8355322750364125
883cf2d59bfffff,8,3,4.0,2.0235779927309028
883cf2d59bfffff,9,3,3.0,2.643056563503087
883cf2d59bfffff,11,1,3.0,2.6305722336407706
883cf2d59bfffff,12,4,1.0,1.8874760274177234
883cf2d59bfffff,13,3,4.0,3.177365443900521
883cf2d59bfffff,14,3,3.0,2.551157505163856
883cf2d59bfffff,15,7,3.0,3.2727864769650465
883cf2d59bfffff,16,5,7.0,5.468139948054516
883cf2d59bfffff,17,6,5.0,3.2128837471779383
883cf2d59bfffff,18,2,6.0,4.372709763805216
883cf2d59bfffff,19,2,2.0,2.271181701606943
883cf2d59bfffff,20,2,2.0,2.092369958426831
883cf2d59bfffff,21,3,2.0,2.4207298880569628
883cf2d59bfffff,22,1,3.0,2.430439659811444
883cf2d59dfffff,4,1,1.0,1.8921783467513174
883cf2d59dfffff,7,1,1.0,1.5820163008936619
883cf2d59dfffff,8,1,1.0,1.5867511892580282
883cf2d59dfffff,13,2,1.0,1.6011936831996763
883cf2d59dfffff,14,1,2.0,2.5026994130701614
883cf2d59dfffff,17,2,1.0,1.5588887133550895
883cf2d59dfffff,18,1,2.0,1.5402494213401914
883cf2d59dfffff,21,1,1.0,1.786375408336386
883cf2d59dfffff,22,3,1.0,1.6392652193104187
883cf2d59dfffff,23,1,3.0,2.335180769851905
883cf2d5a3fffff,10,1,1.0,1.620282373002724
883cf2d5abfffff,14,1,1.0,1.3230644458245828
883cf2d5abfffff,22,1,1.0,1.6392652193104187
883cf2d5b1fffff,1,2,1.0,2.016343321639584
883cf2d5b1fffff,3,2,2.0,2.3321357362291413
883cf2d5b1fffff,6,2,2.0,1.8390137418519552
883cf2d5b1fffff,8,1,2.0,1.7195193050681588
883cf2d5b1fffff,11,3,1.0,1.8432641783426655
883cf2d5b1fffff,12,1,3.0,3.66002592159274
883cf2d5b1fffff,14,2,1.0,1.3230644458245828
883cf2d5b1fffff,16,1,2.0,2.4980290227074256
883cf2d5b1fffff,18,1,1.0,1.7360804898026472
883cf2d5b1fffff,20,1,1.0,1.6904704235561494
883cf2d5b3fffff,3,2,2.0,2.3321357362291413
883cf2d5b3fffff,4,3,2.0,1.8395001227274532
883cf2d5b3fffff,5,3,3.0,3.6767553462286076
883cf2d5b3fffff,7,1,3.0,2.973869987150306
883cf2d5b3fffff,9,2,1.0,2.05258871986251
883cf2d5b3fffff,10,3,2.0,2.301854345779299
883cf2d5b3fffff,11,1,3.0,2.6305722336407706
883cf2d5b3fffff,12,3,1.0,1.8874760274177234
883cf2d5b3fffff,13,2,3.0,2.837385066937705
883cf2d5b3fffff,14,2,2.0,2.5026994130701614
883cf2d5b3fffff,17,2,2.0,2.102539135797746
883cf2d5b3fffff,18,1,2.0,1.5402494213401914
883cf2d5b3fffff,19,1,1.0,1.7264651787415692
883cf2d5b3fffff,20,3,1.0,1.6904704235561494
883cf2d5b3fffff,21,3,3.0,2.035487005305199
883cf2d5b3fffff,22,2,3.0,2.430439659811444
883cf2d5b5fffff,9,2,1.0,2.05258871986251
883cf2d5b5fffff,10,2,2.0,2.301854345779299
883cf2d5b5fffff,23,2,2.0,2.8099842398801376
883cf2d5b7fffff,6,1,1.0,1.8159445080693075
883cf2d5b7fffff,8,3,1.0,1.5867511892580282
883cf2d5b7fffff,9,1,3.0,2.643056563503087
883cf2d5b7fffff,10,1,1.0,1.620282373002724
883cf2d5b7fffff,11,1,1.0,1.8432641783426655
883cf2d5b7fffff,19,2,1.0,1.7264651787415692
883cf2d5b7fffff,21,1,2.0,2.4207298880569628
883cf2d5b7fffff,22,1,1.0,1.6392652193104187
883cf2d5b9fffff,3,1,1.0,2.1189142862763415
883cf2d5b9fffff,4,2,1.0,1.8921783467513174
883cf2d5b9fffff,5,2,2.0,2.9324598063707255
883cf2d5b9fffff,6,1,2.0,1.8390137418519552
883cf2d5b9fffff,8,1,1.0,1.5867511892580282
883cf2d5b9fffff,10,1,1.0,1.620282373002724
883cf2d5b9fffff,12,2,1.0,1.8874760274177234
883cf2d5b9fffff,13,1,2.0,2.88013231257894
883cf2d5b9fffff,16,1,1.0,1.4481188156959135
883cf2d5b9fffff,17,1,1.0,1.5588887133550895
883cf2d5b9fffff,19,2,1.0,1.7264651787415692
883cf2d5b9fffff,22,1,2.0,2.696833773006008
883cf2d5bbfffff,2,3,1.0,2.0542198499133915
883cf2d5bbfffff,3,2,3.0,3.1029635559425897
883cf2d5bbfffff,4,1,2.0,1.8395001227274532
883cf2d5bbfffff,5,2,1.0,1.8333699196700737
883cf2d5bbfffff,7,1,2.0,1.978624782051246
883cf2d5bbfffff,8,1,1.0,1.5867511892580282
883cf2d5bbfffff,9,4,1.0,2.05258871986251
883cf2d5bbfffff,10,1,4.0,4.132272728336836
883cf2d5bbfffff,11,3,1.0,1.8432641783426655
883cf2d5bbfffff,12,2,3.0,3.66002592159274
883cf2d5bbfffff,13,2,2.0,2.88013231257894
883cf2d5bbfffff,14,2,2.0,2.5026994130701614
883cf2d5bbfffff,15,1,2.0,2.363969144396636
883cf2d5bbfffff,16,1,1.0,1.4481188156959135
883cf2d5bbfffff,18,2,1.0,1.7360804898026472
883cf2d5bbfffff,19,2,2.0,2.271181701606943
883cf2d5bbfffff,20,1,2.0,2.092369958426831
883cf2d5bbfffff,21,1,1.0,1.786375408336386
883cf2d5bbfffff,22,4,1.0,1.6392652193104187
883cf2d5bdfffff,2,1,1.0,2.0542198499133915
883cf2d5bdfffff,4,2,1.0,1.8921783467513174
883cf2d5bdfffff,6,1,2.0,1.8390137418519552
883cf2d5bdfffff,7,1,1.0,1.5820163008936619
883cf2d5bdfffff,14,1,1.0,1.3230644458245828
883cf2d5bdfffff,15,1,1.0,1.814417963845606
883cf2d5bdfffff,16,1,1.0,1.4481188156959135
883cf2d5bdfffff,20,1,1.0,1.6904704235561494
883cf2d5c5fffff,11,1,1.0,1.8432641783426655
883cf2d5d1fffff,13,1,1.0,1.6011936831996763
883cf2d5d1fffff,14,1,1.0,1.3230644458245828
883cf2d5d3fffff,1,1,1.0,2.016343321639584
883cf2d5d3fffff,6,2,1.0,1.8159445080693075
883cf2d5d3fffff,7,1,2.0,1.978624782051246
883cf2d5d3fffff,10,1,1.0,1.620282373002724
883cf2d5d3fffff,11,1,1.0,1.8432641783426655
883cf2d5d3fffff,12,1,1.0,1.8874760274177234
883cf2d5d3fffff,13,1,1.0,1.6011936831996763
883cf2d5d3fffff,14,1,1.0,1.3230644458245828
883cf2d5d3fffff,16,1,1.0,1.4481188156959135
883cf2d5d3fffff,18,2,1.0,1.7360804898026472
883cf2d5d3fffff,19,1,2.0,2.271181701606943
883cf2d5d3fffff,21,1,1.0,1.786375408336386
883cf2d5d7fffff,2,2,1.0,2.0542198499133915
883cf2d5d7fffff,4,1,2.0,1.8395001227274532
883cf2d5d7fffff,9,1,1.0,2.05258871986251
883cf2d5d7fffff,14,1,1.0,1.3230644458245828
883cf2d5d7fffff,23,2,1.0,1.6904641836616734
883cf2d5dbfffff,8,1,1.0,1.5867511892580282
883cf2d5dbfffff,16,2,1.0,1.4481188156959135
883cf2d5dbfffff,18,1,2.0,1.5402494213401914
883cf2d5ddfffff,9,1,1.0,2.05258871986251
883cf2d5ddfffff,11,1,1.0,1.8432641783426655
